catId,parentCatId
Health-shop,Pharmacy-Health
Online-Clinic,Pharmacy-Health
Health-information,Pharmacy-Health
Health-pharmacy-services,Pharmacy-Health
Pharmacy-Health-Offers,Pharmacy-Health
Health-Beauty-magazine,Pharmacy-Health
Health-Hero-Awards,Pharmacy-Health
Boots-Macmillan-Cancer-Support,Pharmacy-Health
Book-an-appointment,Pharmacy-Health
Allergy-hayfever,Health-shop
Alternative-therapy,Health-shop
Baby-child-health,Health-shop
Back-to-School,Health-shop
Beauty-Vitamins-Supplements,Health-shop
Condoms-sexual-health,Health-shop
Cough-cold-flu,Health-shop
Dental,Health-shop
Diabetes,Health-shop
Diet-weight-loss,Health-shop
Electrical-Health,Health-shop
Earcare,Health-shop
E-Cigarettes,Health-shop
Embarrassing-conditions,Health-shop
Eye-care,Health-shop
First-aid,Health-shop
Fitness,Health-shop
Food-Drink,Health-shop
Foot-care,Health-shop
Hair-loss,Health-shop
Health-fitness-trackers,Health-shop
Health-discoveries,Health-shop
Hearingcare,Health-shop
Heart-health,Health-shop
Home-care,Health-shop
Incontinence,Health-shop
Mens-health,Health-shop
Mobility-daily-living-aids,Health-shop
Mouth-care,Health-shop
Opticians,Health-shop
Pain-relief,Health-shop
Pet-health,Health-shop
Pharmacy-health-offers,Health-shop
Planning-for-a-baby,Health-shop
Pregnancy-breastfeeding,Health-shop
Skin-care,Health-shop
Sleep-stress-energy,Health-shop
Sports-nutrition,Health-shop
Stomach-Bowel,Health-shop
Stop-smoking,Health-shop
Travel-health,Health-shop
Vitamins-supplements,Health-shop
Womens-health,Health-shop
Tips-to-prevent-hayfever,Allergy-hayfever
Air-filters-humidifiers,Allergy-hayfever
Allergy-hayfever-alternative-therapy,Allergy-hayfever
Allergy-hayfever-bundles,Allergy-hayfever
Allergy-hayfever-eye-drops,Allergy-hayfever
Allergy-hayfever-information,Allergy-hayfever
Allergy-hayfever-nasal-sprays,Allergy-hayfever
Allergy-hayfever-syrups,Allergy-hayfever
Allergy-hayfever-tablets,Allergy-hayfever
Anti-allergy-bedding,Allergy-hayfever
Baby-child-allergy-hayfever,Allergy-hayfever
Sensitive-skin-cleaning-products,Allergy-hayfever
All-Allergy-Hayfever,Allergy-hayfever
Allergy-hayfever-alternative-therapy,Alternative-therapy
Aromatherapy,Alternative-therapy
Childrens-alternative-therapy,Alternative-therapy
Confectionery,Alternative-therapy
Digestion-alternative-therapy,Alternative-therapy
Flower-remedies,Alternative-therapy
Heart-circulation-alternative-therapy,Alternative-therapy
Homeopathy,Alternative-therapy
Immunity-alternative-therapy,Alternative-therapy
Skin-care-alternative-therapy,Alternative-therapy
Sleep-stress-energy-alternative-therapy,Alternative-therapy
Travel-alternative-therapy,Alternative-therapy
Womens-alternative-therapy,Alternative-therapy
Air-filters-humidifiers,Baby-child-health
Baby-child-allergy-hayfever,Baby-child-health
Baby-child-first-aid,Baby-child-health
Baby-child-skin-care,Baby-child-health
Baby-vitamins-supplements,Baby-child-health
Bedwetting,Baby-child-health
Chickenpox,Baby-child-health
Childrens-alternative-therapy,Baby-child-health
Childrens-cough-cold,Baby-child-health
Childrens-fever-pain-relief,Baby-child-health
Childrens-vitamins-supplements,Baby-child-health
Colic-gripe,Baby-child-health
Constipation,Baby-child-health
Cradle-cap,Baby-child-health
Meningitis,Baby-child-health
Nappy-rash,Baby-child-health
Nits-lice-worms,Baby-child-health
Teething,Baby-child-health
Thermometers,Baby-child-health
Beauty-Collagen,Beauty-Vitamins-Supplements
Hair-Supplements,Beauty-Vitamins-Supplements
Shop-All-Beauty-Vitamins,Beauty-Vitamins-Supplements
Nail-Supplements,Beauty-Vitamins-Supplements
Skin-Supplements,Beauty-Vitamins-Supplements
Condoms,Condoms-sexual-health
Lubricants,Condoms-sexual-health
Morning-After-Pill,Condoms-sexual-health
Other-contraception,Condoms-sexual-health
Prescription-only-period-delay-treatment,Condoms-sexual-health
Sexual-massagers-massage-gels,Condoms-sexual-health
Blocked-runny-nose,Cough-cold-flu
Cough-medicines,Cough-cold-flu
Childrens-cough-cold,Cough-cold-flu
Childrens-fever-pain-relief,Cough-cold-flu
Cold-flu-medicines,Cough-cold-flu
Cold-flu-pain-relief,Cough-cold-flu
Ear-care,Cough-cold-flu
Flu-Vaccinations,Cough-cold-flu
Hand-sanitisers,Cough-cold-flu
Helping-you-feel-better,Cough-cold-flu
Helping-you-stay-well,Cough-cold-flu
Sore-mouth,Cough-cold-flu
Sore-throat,Cough-cold-flu
Thermometers,Cough-cold-flu
Tissues,Cough-cold-flu
All-cough-cold-products,Cough-cold-flu
Healthy-gums,Dental
Dental-Plan,Dental
Healthy-teeth,Dental
Bad-breath,Dental
Battery-powered-toothbrushes,Dental
Childrens-dental,Dental
Denture-care,Dental
Electrical-Dental,Dental
Floss-accessories,Dental
Mouthwash,Dental
Orthodontics,Dental
Sensitive-teeth,Dental
Teeth-Whitening,Dental
Toothbrushes,Dental
Toothpaste,Dental
Which-cover-is-right-for-you,Dental-Plan
Get-a-quote,Dental-Plan
How-to-claim,Dental-Plan
FAQs,Dental-Plan
All-Electric-Toothbrushes,Electrical-Dental
Whitening-Toothbrushes-Tools,Electrical-Dental
Brush-Heads,Electrical-Dental
Flossing,Electrical-Dental
Kids-Electric-Toothbrushes,Electrical-Dental
Electrical-Toothbrushes-Flossers,Teeth-Whitening
Everyday-Whitening-Toothpaste,Teeth-Whitening
Premium-Whitening-Toothpaste,Teeth-Whitening
Whitening-Kits-Strips,Teeth-Whitening
Whitening-Mouthwash,Teeth-Whitening
All-Teeth-Whitening-Products,Teeth-Whitening
Diabetes-shop,Diabetes
Diabetes-information,Diabetes
Blood-glucose-monitors,Diabetes-shop
Blood-glucose-test-strips,Diabetes-shop
Diabetes-vitamins-supplements,Diabetes-shop
Glucose-tablets,Diabetes-shop
Sweeteners,Diabetes-shop
Diabetes-and-food-Your-diabetes-diet,Diabetes-What-is-diabetes-
Diabetes-and-food-Your-diabetes-diet,Diabetes-information
Diabetes-What-are-the-healthy-foods-,Diabetes-What-is-diabetes-
Diabetes-What-are-the-healthy-foods-,Diabetes-information
Eating-out-with-diabetes-Food-to-choose,Diabetes-What-is-diabetes-
Eating-out-with-diabetes-Food-to-choose,Diabetes-information
Your-healthy-diabetes-meal-plan,Diabetes-What-is-diabetes-
Your-healthy-diabetes-meal-plan,Diabetes-information
Living-with-type-2-diabetes,Diabetes-What-is-diabetes-
Living-with-type-2-diabetes,Diabetes-information
Diabetes-and-Boots-What-is-diabetes-,Diabetes-What-is-diabetes-
Diabetes-and-Boots-What-is-diabetes-,Diabetes-information
Diabetes-eyes-and-vision-What-are-the-signs-of-diabetes-,Diabetes-What-is-diabetes-
Diabetes-eyes-and-vision-What-are-the-signs-of-diabetes-,Diabetes-information
Type-2-diabetes-Get-your-free-Diabetes-Risk-Assessment-in-store,Diabetes-What-is-diabetes-
Type-2-diabetes-Get-your-free-Diabetes-Risk-Assessment-in-store,Diabetes-information
Diabetes-quiz-Learn-more-about-diabetes,Diabetes-What-is-diabetes-
Diabetes-quiz-Learn-more-about-diabetes,Diabetes-information
All-diet-weight-loss-products,Diet-weight-loss
Diet-weight-loss-multipacks,Diet-weight-loss
Fitness-Classes,Diet-weight-loss
Meal-replacements,Diet-weight-loss
Nutritional-supplements,Diet-weight-loss
Shape-the-Year-Ahead,Diet-weight-loss
Slimming-aids-supplements,Diet-weight-loss
Weighing-scales,Diet-weight-loss
All-Meal-Replacements,Meal-replacements
Atkins,Meal-replacements
Celebrity-Slim,Meal-replacements
SlimFast,Meal-replacements
Celebrity-Slim-Starter-Pack,Celebrity-Slim
Celebrity-Slim-Bars,Celebrity-Slim
Celebrity-Slim-shakes,Celebrity-Slim
Celebrity-Slim-smoothies,Celebrity-Slim
Celebrity-Slim-soups,Celebrity-Slim
The-full-Celebrity-Slim-range,Celebrity-Slim
What-is-Celebrity-Slim-,Celebrity-Slim
Success-stories,Celebrity-Slim
FAQs,Celebrity-Slim
Slim-Fast-3-2-1-Plan,SlimFast
Slim-Fast-FAQs,SlimFast
Top-tips-for-healthy-cooking,SlimFast
Buy-Slim-Fast,SlimFast
Slim-fast-7-day-meal-plan,SlimFast
Slim-Fast-Ready-to-Drink-Shakes,SlimFast
Slim-Fast-Success-Stories,SlimFast
Slim-Fast-Shakes,SlimFast
Slim-Fast-Snacks,SlimFast
Slim-Fast-Meal-Replacement-Bars,SlimFast
About-Shapers,Shape-the-Year-Ahead
Slim-Fast-Success-Stories,Shape-the-Year-Ahead
Watch-Clares-story,Shape-the-Year-Ahead
Help-information,Shape-the-Year-Ahead
Adios,Slimming-aids-supplements
All-slimming-aids-supplements,Slimming-aids-supplements
Boots-Pharmaceuticals,Slimming-aids-supplements
XLS-Medical,Slimming-aids-supplements
Carb-Blocker,XLS-Medical
Fat-Binder-Direct-Fat-Binder,XLS-Medical
Max-Strength,XLS-Medical
Online-Support-Programme,XLS-Medical
XLS-Medical-FAQs,XLS-Medical
XLS-Medical-Success-Stories,XLS-Medical
Buy-XLS-Medical,XLS-Medical
Air-filters-humidifiers,Electrical-Health
Blood-glucose-monitors,Electrical-Health
Blood-pressure-monitors,Electrical-Health
Breathalysers,Electrical-Health
Dehumidifiers,Electrical-Health
DNA-test-kit,Electrical-Health
Constipation,Embarrassing-conditions
Cystitis,Embarrassing-conditions
Dandruff,Embarrassing-conditions
Diarrhoea,Embarrassing-conditions
Foot-odour,Embarrassing-conditions
Fungal-nail-infection,Embarrassing-conditions
Haemorrhoids,Embarrassing-conditions
Hair-loss,Embarrassing-conditions
Headlice,Embarrassing-conditions
Incontinence,Embarrassing-conditions
Itchy-anus,Embarrassing-conditions
Jock-rash,Embarrassing-conditions
Problem-perspiration,Embarrassing-conditions
Psoriasis,Embarrassing-conditions
Snoring,Embarrassing-conditions
Thrush,Embarrassing-conditions
Vaginitis,Embarrassing-conditions
Verruca,Embarrassing-conditions
Wind,Embarrassing-conditions
Worms,Embarrassing-conditions
Prescription-only-hair-loss-treatment,Hair-loss
Hair-loss-concealer,Hair-loss
Hair-loss-multipacks,Hair-loss
Hair-loss-products-for-men,Hair-loss
Hair-loss-products-for-women,Hair-loss
Hair-loss-serums-gels,Hair-loss
Hair-loss-shampoos-conditioners,Hair-loss
Hair-Support-vitamins-supplements,Hair-loss
Medicated-hair-loss-treatments,Hair-loss
Bed-seat-protection,Incontinence
Extra-Value-Packs,Incontinence
Female-incontinence,Incontinence
Hygiene-Accessory-Products,Incontinence
Incontinence-alternative-therapies,Incontinence
Incontinence-multipacks,Incontinence
Learn-more-about-bladder-weakness,Incontinence
Light-to-moderate-liners-pads,Incontinence
Male-incontinence,Incontinence
Moderate-to-heavy-pads-pants,Incontinence
Pelvic-floor-strength,Incontinence
Which-product-is-right-for-me-,Incontinence
Pads,Extra-Value-Packs
Night,Extra-Value-Packs
Mens,Extra-Value-Packs
Pants,Extra-Value-Packs
Bed-Protectors,Hygiene-Accessory-Products
Washable-Pants,Hygiene-Accessory-Products
Pelvic-Floor-Strength,Hygiene-Accessory-Products
Sprays,Hygiene-Accessory-Products
Creams-Powders,Hygiene-Accessory-Products
Washes-Wipes,Hygiene-Accessory-Products
Value-Packs,Light-to-moderate-liners-pads
Unisex,Light-to-moderate-liners-pads
Night,Light-to-moderate-liners-pads
Male,Light-to-moderate-liners-pads
Female,Light-to-moderate-liners-pads
Value-Packs,Moderate-to-heavy-pads-pants
Unisex,Moderate-to-heavy-pads-pants
Night,Moderate-to-heavy-pads-pants
Male,Moderate-to-heavy-pads-pants
Female,Moderate-to-heavy-pads-pants
Conjunctivitis,Eye-care
Contact-lens-eye-drops,Eye-care
Contact-lens-solutions,Eye-care
Dry-eyes-eye-drops,Eye-care
Eye-brightening-eye-drops,Eye-care
Eye-care-accessories,Eye-care
Eye-health-vitamins-supplements,Eye-care
Eye-washes,Eye-care
Ready-reading-glasses,Eye-care
Red-irritated-eyes-eye-drops,Eye-care
Antiseptics,First-aid
Bandages-supports-dressings,First-aid
Baby-child-first-aid,First-aid
Bites-stings,First-aid
Burns,First-aid
Earplugs,First-aid
First-aid-accessories,First-aid
First-Aid-Kits,First-aid
Gloves,First-aid
Plasters,First-aid
Sunburn,First-aid
Thermometers,First-aid
All-fitness-equipment,Fitness
Fitness-Classes,Fitness
Fitness-Trackers,Fitness
Gym-accessories,Fitness
Gym-Equipment,Fitness
Sport-Supports,Fitness
Sports-Injury-Treatment,Fitness
All-Healthy-Food-,Food-Drink
Biscuits-Cakes,Food-Drink
Breakfast,Food-Drink
Dairy-Free,Food-Drink
Drinks,Food-Drink
Egg-Free,Food-Drink
Fruits-nuts-seeds,Food-Drink
Functional-Foods,Food-Drink
Gluten-Free,Food-Drink
kitchen-Cupboard,Food-Drink
Manuka-Honey,Food-Drink
Pasta-Noodles,Food-Drink
Snacks,Food-Drink
Vegan,Food-Drink
Vegetarian,Food-Drink
Athletes-foot,Foot-care
Blister,Foot-care
Corn-callous-bunion,Foot-care
Cracked-heel,Foot-care
Electrical-footcare,Foot-care
Foot-care-accessories,Foot-care
Foot-creams,Foot-care
Foot-spas-foot-massagers,Foot-care
Fungal-nail-infection,Foot-care
Hard-skin,Foot-care
Insoles,Foot-care
Foot-odour,Foot-care
Orthotics,Foot-care
Shoe-padding,Foot-care
Verruca,Foot-care
Activity-trackers,Health-fitness-trackers
Shop-the-full-range,Health-fitness-trackers
Smart-blood-pressure-monitors,Health-fitness-trackers
Wifi-scales,Health-fitness-trackers
Latest-health-discoveries,Health-discoveries
Previous-health-discoveries,Health-discoveries
Are-you-heart-healthy-,Heart-health
Blood-pressure-monitors,Heart-health
Healthy-Heart-Bundles,Heart-health
Heart-circulation-alternative-therapy,Heart-health
Heart-health-vitamins-supplements,Heart-health
High-cholesterol,Heart-health
Air-filters-humidifiers,Home-care
Air-fresheners,Home-care
Anti-allergy-bedding,Home-care
Respiratory-equipment,Home-care
Dehumidifiers,Home-care
Electric-blankets,Home-care
Hot-water-bottles,Home-care
Insect-repellent,Home-care
Laundry,Home-care
Light-therapy,Home-care
Sensitive-skin-cleaning-products,Home-care
Water-filters,Home-care
Hair-loss-products-for-men,Mens-health
Male-incontinence,Mens-health
Jock-rash,Mens-health
Mens-health-vitamins-supplements,Mens-health
Mens-sexual-health,Mens-health
Prescription-only-hair-loss-treatment,Mens-health
Bathroom-toileting-aids,Mobility-daily-living-aids
Furniture,Mobility-daily-living-aids
Getting-dressed,Mobility-daily-living-aids
Grab-rails,Mobility-daily-living-aids
Incontinence,Mobility-daily-living-aids
Kitchen-home,Mobility-daily-living-aids
Mobility-aids,Mobility-daily-living-aids
Shopping-trolleys,Mobility-daily-living-aids
Walking-frames-rollators,Mobility-daily-living-aids
Walking-sticks-ferrules,Mobility-daily-living-aids
Wheelchairs-accessories,Mobility-daily-living-aids
Bath-boards-bath-seats,Bathroom-toileting-aids
Bath-cushions-pillows,Bathroom-toileting-aids
Bath-lifts,Bathroom-toileting-aids
Bath-shower-mats,Bathroom-toileting-aids
Bath-steps,Bathroom-toileting-aids
Bottom-wipers,Bathroom-toileting-aids
Commodes,Bathroom-toileting-aids
Grab-rails,Bathroom-toileting-aids
Portable-toilets-bidets,Bathroom-toileting-aids
Raised-toilet-seats-guards,Bathroom-toileting-aids
Shower-stools-seats-chairs,Bathroom-toileting-aids
Urinals-bedpans,Bathroom-toileting-aids
Washing-aids,Bathroom-toileting-aids
Beds,Furniture
Chairs,Furniture
Cushions-protectors-supports,Furniture
Foot-leg-rests,Furniture
Tables-trolleys,Furniture
Cushions-protectors-supports,Kitchen-home
Cutlery-tableware-bibs,Kitchen-home
Grab-rails,Kitchen-home
Gripping-reaching-aids,Kitchen-home
Heat-pads-fleeces,Kitchen-home
Home-exercise,Kitchen-home
Home-safety,Kitchen-home
Kitchen-aids,Kitchen-home
Massagers,Kitchen-home
Pill-dispensers,Kitchen-home
Reading-aids,Kitchen-home
Telephone-systems,Kitchen-home
Crutches,Mobility-aids
Mobility-scooter-accessories,Mobility-aids
Ramps-steps,Mobility-aids
Shopping-trolleys,Mobility-aids
Turntable-transfer-boards,Mobility-aids
Walking-frames-rollators,Mobility-aids
Walking-sticks-ferrules,Mobility-aids
Wheelchairs-accessories,Mobility-aids
Brace-rubbing,Mouth-care
Cold-sore,Mouth-care
Dental,Mouth-care
Denture-rubbing,Mouth-care
Dry-mouth,Mouth-care
Toothache,Mouth-care
Ulcers,Mouth-care
Book-an-Eye-Test,Opticians
Opticians-Store-Locator,Opticians
Glasses,Opticians
Sunglasses,Opticians
Contact-Lenses,Opticians
Eye-Health,Opticians
Eye-care,Opticians
Opticians-offers,Opticians
Opticians-Information-Advice,Opticians
Corporate-Eyecare,Opticians
Boots-Hearingcare,Opticians
Womens-Glasses,Glasses
Mens-Glasses,Glasses
Childrens-Glasses,Glasses
Ready-Readers,Glasses
Glasses-Accessories,Glasses
Prescription-Sunglasses,Glasses
Your-eye-check-explained,Glasses
Guide-to-your-glasses-lenses,Glasses
Glasses-choosing-the-perfect-pair,Glasses
Opticians-offers,Glasses
Womens,Prescription-Sunglasses
Mens,Prescription-Sunglasses
Kids,Prescription-Sunglasses
Opticians-offers,Prescription-Sunglasses
Latest-glasses-eye-test-offers,Opticians-offers
Glasses-from-GBP50,Opticians-offers
Half-price-glasses-sunglasses,Opticians-offers
Free-NHS-eye-check-vouchers,Opticians-offers
Offers-for-kids,Opticians-offers
Offers-for-students,Opticians-offers
Offers-for-over-60s,Opticians-offers
Free-contact-lens-assessment-trial,Opticians-offers
Contact-lens-reward-scheme,Opticians-offers
Boots-Designer-Sunglasses,Sunglasses
Non-Prescription-Sunglasses,Sunglasses
Prescription-Sunglasses,Sunglasses
Choosing-sunglasses,Sunglasses
UV-protection-myths,Sunglasses
Womens,Non-Prescription-Sunglasses
Mens,Non-Prescription-Sunglasses
Kids,Non-Prescription-Sunglasses
All-sunglasses,Non-Prescription-Sunglasses
Benefits-of-contact-lenses,Contact-Lenses
Free-contact-lens-assessment-and-trial,Contact-Lenses
Contact-lens-reward-scheme,Contact-Lenses
1-Day-Acuvue-Define-contact-lenses,Contact-Lenses
Contact-lens-solutions,Contact-Lenses
Eye-health-at-Boots-Opticians,Eye-Health
Caring-for-your-childrens-eyes,Eye-Health
Eye-conditions,Eye-Health
Your-eye-check-explained,Eye-Health
Eye-care,Eye-Health
Opticians-FAQ,Opticians-Information-Advice
Your-eye-check-explained,Opticians-Information-Advice
Guide-to-your-glasses-lenses,Opticians-Information-Advice
Glasses-choosing-the-perfect-pair,Opticians-Information-Advice
Eye-check-on-your-mobile-phone,Opticians-Information-Advice
Book-an-Eye-Test,Opticians-Information-Advice
Opticians-Store-Locator,Opticians-Information-Advice
Boots-Opticians-About-Us,Opticians-Information-Advice
Boots-Opticians-Terms-Conditions,Opticians-Information-Advice
Contact-Boots-Opticians,Opticians-Information-Advice
Back-pain,Pain-relief
Childrens-fever-pain-relief,Pain-relief
Dental-pain,Pain-relief
Headache,Pain-relief
Ibuprofen,Pain-relief
Migraine,Pain-relief
Muscle-joint-pain,Pain-relief
Paracetamol,Pain-relief
Period-pain,Pain-relief
Shop-by-Condition,Pain-relief
Shop-by-Format,Pain-relief
Shop-by-Ingredient,Pain-relief
All-pharmacy-healthcare-offers,Pharmacy-Health-Offers
All-pharmacy-healthcare-offers,Pharmacy-health-offers
Online-only-healthcare-offers,Pharmacy-Health-Offers
Online-only-healthcare-offers,Pharmacy-health-offers
Conception-Vitamins-Supplements,Planning-for-a-baby
Early-signs-of-pregnancy,Planning-for-a-baby
Mens-sexual-health,Planning-for-a-baby
Ovulation-and-fertility-test-kits,Planning-for-a-baby
Pre-conception-lubricants,Planning-for-a-baby
Stop-smoking,Planning-for-a-baby
All-pregnancy-test-kits,Planning-for-a-baby
Visual-ovulation-tests,Ovulation-and-fertility-test-kits
Fertility-tests,Ovulation-and-fertility-test-kits
Digital-ovulation-tests,Ovulation-and-fertility-test-kits
Stop-smoking-information,Stop-smoking
Prescription-only-stop-smoking-treatment,Stop-smoking
Boots-Macmillan-Cancer-Support,Stop-smoking
All-stop-smoking-products,Stop-smoking
Inhalators-Sprays,Stop-smoking
Gum,Stop-smoking
Inhalators,Stop-smoking
Lozenges,Stop-smoking
Microtabs,Stop-smoking
Nasal-sprays,Stop-smoking
Patches,Stop-smoking
Stop-smoking-multipacks,Stop-smoking
Fundraising-for-Macmillan,Boots-Macmillan-Cancer-Support
Fundraising-for-Macmillan,Macmillan
Boots-Macmillan-Beauty-Advisors,Boots-Macmillan-Cancer-Support
Boots-Macmillan-Beauty-Advisors,Macmillan
Boots-Macmillan-Partnership,Boots-Macmillan-Cancer-Support
Boots-Macmillan-Partnership,Macmillan
Store-locator,Boots-Macmillan-Cancer-Support
Store-locator,Macmillan
Boots-Macmillan-Information-Pharmacist,Boots-Macmillan-Cancer-Support
Boots-Macmillan-Information-Pharmacist,Macmillan
Allergy-hayfever,Pregnancy-breastfeeding
Cough-cold,Pregnancy-breastfeeding
Eye-care,Pregnancy-breastfeeding
First-aid,Pregnancy-breastfeeding
Heartburn-and-indigestion,Pregnancy-breastfeeding
Pain-relief,Pregnancy-breastfeeding
Pregnancy-Breastfeeding-Guide,Pregnancy-breastfeeding
Skincare,Pregnancy-breastfeeding
Stop-smoking,Pregnancy-breastfeeding
Vitamins-supplements,Pregnancy-breastfeeding
Acne-spots,Skin-care
Baby-child-skin-care,Skin-care
Chafe,Skin-care
Cold-sores,Skin-care
Dry-and-chapped-lips,Skin-care
Dry-skin,Skin-care
Eczema,Skin-care
Itchy-skin,Skin-care
Prescription-only-acne-treatment,Skin-care
Problem-perspiration,Skin-care
Psoriasis,Skin-care
Rosacea,Skin-care
Scalp,Skin-care
Sensitive-skin,Skin-care
Sensitive-skin-cleaning-products,Skin-care
Skin-care-alternative-therapy,Skin-care
Sunburn,Skin-care
Anti-allergy-bedding,Sleep-stress-energy
Bedding,Sleep-stress-energy
Earplugs,Sleep-stress-energy
Electric-blankets,Sleep-stress-energy
Energy-vitamins-supplements,Sleep-stress-energy
Light-therapy,Sleep-stress-energy
Massagers,Sleep-stress-energy
Protective-bedding,Sleep-stress-energy
Seasonal-affective-disorder,Sleep-stress-energy
Sleep-medicines,Sleep-stress-energy
Sleep-stress-energy-alternative-therapy,Sleep-stress-energy
Snoring,Sleep-stress-energy
The-Great-British-Sleep-Survey,Sleep-stress-energy
All-sports-nutrition,Sports-nutrition
Energy-supplements,Sports-nutrition
Protein-bars,Sports-nutrition
Protein-drinks,Sports-nutrition
Protein-powders,Sports-nutrition
Protein-Shakers,Sports-nutrition
Shop-by-brand,Sports-nutrition
Shop-by-goal,Sports-nutrition
Shop-by-sport,Sports-nutrition
Sports-supplements,Sports-nutrition
Bowel-pain-IBS,Stomach-Bowel
Constipation,Stomach-Bowel
Diarrhoea,Stomach-Bowel
Digestion-alternative-therapy,Stomach-Bowel
Digestive-vitamins-supplements,Stomach-Bowel
Haemorrhoids,Stomach-Bowel
Indigestion,Stomach-Bowel
Shop-all-treatments,Travel-health
Shop-all-prevention,Travel-health
Travel-miniatures,Travel-health
Travel-medicine,Travel-health
Bites-stings,Travel-health
Childrens-travel-health,Travel-health
Diarrhoea,Travel-health
Earplugs,Travel-health
First-aid,Travel-health
Flight-socks,Travel-health
Hot-weather-cooling-sprays,Travel-health
Insect-repellents,Travel-health
Malaria-prevention-service,Travel-health
Sunburn,Travel-health
Travel-alternative-therapy,Travel-health
Travel-vaccinations-and-advice,Travel-health
Travel-insurance,Travel-health
Travel-sickness,Travel-health
Water-purification,Travel-health
Single-Trip,Travel-insurance
Multi-trip,Travel-insurance
Medical,Travel-insurance
Longstay,Travel-insurance
Winter,Travel-insurance
Cruise,Travel-insurance
FAQ,Travel-insurance
Aloe-Vera,Vitamins-supplements
Cod-Liver-Oils,Vitamins-supplements
Collagen,Vitamins-supplements
Echinacea,Vitamins-supplements
Evening-Primrose-Oil,Vitamins-supplements
Folic-Acid,Vitamins-supplements
Glucosamine,Vitamins-supplements
Iron,Vitamins-supplements
Multivitamin,Vitamins-supplements
Omega-3,Vitamins-supplements
Vitamin-C,Vitamins-supplements
Vitamin-D,Vitamins-supplements
Shop-by-ingredient,Vitamins-supplements
Shop-by-category,Vitamins-supplements
Vitamin-Selector,Vitamins-supplements
Shop-All-Vitamins,Vitamins-supplements
Homeopathy,Vitamins-supplements
Aromatherapy,Vitamins-supplements
Alternative-therapy,Vitamins-supplements
Aloe-Vera,Shop-by-ingredient
Calcium,Shop-by-ingredient
Collagen,Shop-by-ingredient
CO-Q10,Shop-by-ingredient
Cranberry,Shop-by-ingredient
Echinacea,Shop-by-ingredient
Evening-Primrose-Oil,Shop-by-ingredient
Folic-Acid,Shop-by-ingredient
Garlic,Shop-by-ingredient
Ginkgo-Biloba,Shop-by-ingredient
Glucosamine,Shop-by-ingredient
Iron,Shop-by-ingredient
Krill-Oil,Shop-by-ingredient
Lutein,Shop-by-ingredient
Magnesium,Shop-by-ingredient
Manuka-Honey,Shop-by-ingredient
Multivitamin,Shop-by-ingredient
Omega-3,Shop-by-ingredient
Saw-Palmetto,Shop-by-ingredient
St-Johns-Wort,Shop-by-ingredient
Vitamin-B-Complex,Shop-by-ingredient
Vitamin-B12,Shop-by-ingredient
Vitamin-C,Shop-by-ingredient
Vitamin-D,Shop-by-ingredient
Vitamin-E,Shop-by-ingredient
Zinc,Shop-by-ingredient
50-vitamins-supplements,Shop-by-category
Bone-health-vitamins-supplements,Shop-by-category
Brain-function-vitamins-supplements,Shop-by-category
Childrens-vitamins-supplements,Shop-by-category
Conception-Vitamins-Supplements,Shop-by-category
Digestive-vitamins-supplements,Shop-by-category
Energy-vitamins-supplements,Shop-by-category
Eye-health-vitamins-supplements,Shop-by-category
Hair-Support-vitamins-supplements,Shop-by-category
Heart-health-vitamins-supplements,Shop-by-category
Immunity-vitamins-supplements,Shop-by-category
Joints-vitamins-supplements,Shop-by-category
Mens-health-vitamins-supplements,Shop-by-category
New-mum-vitamins-supplements,Shop-by-category
Omega-fish-oil-vitamins-supplements,Shop-by-category
Pregnancy-vitamins-supplements,Shop-by-category
Revitalise-Your-Routine,Shop-by-category
Sleep-stress-energy-vitamins-supplements,Shop-by-category
Vitamin-Award-Winners-2015,Shop-by-category
Vitamins-Supplement-Multipacks,Shop-by-category
Vitamin-Value-Packs,Shop-by-category
Womens-health-vitamins-supplements,Shop-by-category
Vitamins-supplements-pill-box,Shop-by-category
Adult-multivitamins,Shop-by-category
Beauty-vitamins-and-supplements,Revitalise-Your-Routine
Make-up-tips-for-glasses-wearers,Revitalise-Your-Routine
Five-step-anti-ageing-regime-from-Eucerin,Revitalise-Your-Routine
Look-great-by-feeling-great,Revitalise-Your-Routine
Breast-check,Womens-health
Cervical-cancer-vaccination,Womens-health
Cystitis,Womens-health
Hair-loss-products-for-women,Womens-health
Female-incontinence,Womens-health
Intimate-wash-wipes,Womens-health
Menopause,Womens-health
Morning-After-Pill,Womens-health
Period-pain,Womens-health
Prescription-only-period-delay-treatment,Womens-health
Thrush,Womens-health
Vaginitis,Womens-health
Womens-alternative-therapy,Womens-health
Womens-health-vitamins-supplements,Womens-health
Hair-loss,Online-Clinic
Malaria-prevention,Online-Clinic
Smoking-control,Online-Clinic
Acne,Online-Clinic
Period-delay,Online-Clinic
About-Boots-online-clinics,Online-Clinic
Online-clinics-patient-guide,Online-Clinic
Boots-WebMD,Health-information
Cold-and-flu-help,Health-information
Midnight-Pharmacy,Health-information
Eye-Health,Health-information
Hearingcare-and-hearing-loss,Health-information
Respiratory-Care,Health-information
Type-2-Diabetes-Find-out-your-risk,Health-information
Flu-Vaccinations,Health-information
Allergies-Hayfever-tips,Health-information
Cancer-Support,Health-information
Diabetes-What-is-diabetes-,Health-information
Pharmacy-services-for-people-with-COPD,Respiratory-Care
Pharmacy-services-for-people-with-Asthma,Respiratory-Care
Prepare-to-prevent-hayfever,Respiratory-Care
Inhaler-technique-for-managing-asthma,Respiratory-Care
Asthma-Information,Respiratory-Care
Free-Asthma-Support-Service,Respiratory-Care
Free-NHS-Medicines-Check-Up-Service,Respiratory-Care
Boots-Live-Event-Talk-to-a-Boots-Macmillan-Information-Pharmacist,Cancer-Support
Macmillan,Cancer-Support
Boots-Macmillan-Cancer-Support,Health-pharmacy-services
Corporate-Flu,Health-pharmacy-services
Boots-Hospital-Outpatient-Pharmacies,Health-pharmacy-services
Flu-Vaccinations,Health-pharmacy-services
Pharmacy-services-support,Health-pharmacy-services
Opticians,Health-pharmacy-services
Boots-Hearingcare,Health-pharmacy-services
In-store-services,Health-pharmacy-services
Care-home-services,Health-pharmacy-services
Boots-Healthy-Heart-Check-Service,Pharmacy-services-support
NHS-Health-Check-Service,Pharmacy-services-support
I-have-a-prescription,Pharmacy-services-support
I-need-a-prescription,Pharmacy-services-support
I-need-more-information,Pharmacy-services-support
In-store-services,Pharmacy-services-support
Medicine-checks,Pharmacy-services-support
Electronic-prescription-service-NHS,Pharmacy-services-support
Repeat-prescription-NHS,I-have-a-prescription
One-off-prescription-NHS,I-have-a-prescription
Private-prescription,I-have-a-prescription
Medicine-checks,I-have-a-prescription
Prescription-FAQs,I-have-a-prescription
Prescriptions-Charges-and-exemptions,I-have-a-prescription
Medicine-Optimisation,Medicine-checks
Discharge-medicines-review-NHS,Medicine-checks
Medicine-check-up-NHS,Medicine-checks
Medisure-NHS,Medicine-checks
New-medicine-service-NHS,Medicine-checks
Period-delay-pharmacy,I-need-a-prescription
Malaria-Prevention,I-need-a-prescription
Stop-smoking-pharmacy,I-need-a-prescription
Erectile-dysfunction-pharmacy,I-need-a-prescription
Cancer-Support,I-need-more-information
Cervical-cancer-vaccinations,I-need-more-information
Diabetes,I-need-more-information
Erectile-dysfunction-pharmacy,I-need-more-information
In-store-services,I-need-more-information
Medicine-check-up-NHS,I-need-more-information
Minor-ailments-service-NHS,I-need-more-information
Morning-after-pill,I-need-more-information
New-medicine-service-NHS,I-need-more-information
Period-delay-pharmacy,I-need-more-information
Prescriptions-Charges-and-exemptions,I-need-more-information
Stop-smoking-pharmacy,I-need-more-information
Halloween,Beauty
Best-beauty-buys,Beauty
Fragrance,Beauty
Premium-Beauty,Beauty
Make-up,Beauty
Nails,Beauty
Accessories,Beauty
Skincare,Beauty
Beauty-Vitamins,Beauty
Indulgent-Bodycare-Gift,Beauty
Hair,Beauty
Sun-care,Beauty
Fake-Tan,Beauty
Electrical,Beauty
Beauty-Tips-Inspiration,Beauty
Beauty-Finds,Beauty
Beauty-offers,Beauty
Health-Beauty-magazine,Beauty
Halloween-Make-up,Halloween
Halloween-Nails,Halloween
Halloween-Accessories,Halloween
Halloween-Hair,Halloween
Get-the-Dripping-Blood-nail-art-look,Halloween
Get-the-Eerie-nail-art-look,Halloween
Get-the-Glamorous-look,Halloween
Get-the-Black-Swan-look,Halloween
Get-the-Scary-Doll-look,Halloween
Get-the-Pop-Art-look,Halloween
Get-the-Cat-look,Halloween
Get-the-Sugar-Skull-look,Halloween
Perfume,Fragrance
Aftershave,Fragrance
Fragrance-gift-sets,Fragrance
Luxury-fragrance,Fragrance
New-fragrance,Fragrance
Celebrity-fragrance,Fragrance
Fragrance-Finder,Fragrance
Fragrance-offers,Fragrance
All-perfume,Perfume
Perfume-gift-sets,Perfume
Celebrity-perfumes,Perfume
New-fragrance-for-her,Perfume
Fragrance-bath-and-body,Perfume
Fragrance-deodorants,Perfume
All-aftershave,Aftershave
Aftershave-gift-sets,Aftershave
Celebrity-aftershaves,Aftershave
New-fragrance-for-him,Aftershave
Cologne,Aftershave
Fragrance-deodorants,Aftershave
Fragrance-shower-gels,Aftershave
All-fragrance-gift-sets,Fragrance-gift-sets
Luxury-gift-sets,Fragrance-gift-sets
Exclusive-gift-sets,Fragrance-gift-sets
Perfume-gift-sets,Fragrance-gift-sets
Aftershave-gift-sets,Fragrance-gift-sets
Celebrity-gift-sets,Fragrance-gift-sets
Gift-sets-for-Kids,Fragrance-gift-sets
Luxury-gift-sets,Luxury-fragrance
Premium-Perfume,Luxury-fragrance
Premium-Aftershave,Luxury-fragrance
All-Premium-Fragrance,Luxury-fragrance
New-fragrance-for-her,New-fragrance
New-fragrance-for-him,New-fragrance
Fragrance-Finder,New-fragrance
Celebrity-perfumes,Celebrity-fragrance
Celebrity-aftershaves,Celebrity-fragrance
All-Celebrity-fragrance,Celebrity-fragrance
Clearance,Fragrance-offers
Save-up-to-half-price-on-selected-fragrance,Fragrance-offers
Every-Day-Low-Prices,Fragrance-offers
Bestsellers,Premium-Beauty
Skincare,Premium-Beauty
Make-up,Premium-Beauty
Nails,Premium-Beauty
Bath-body,Premium-Beauty
Haircare,Premium-Beauty
Premium-mens,Premium-Beauty
Premium-beauty-tools,Premium-Beauty
Luxury-fragrance,Premium-Beauty
Gift-sets,Premium-Beauty
Sales-sets,Premium-Beauty
Offers,Premium-Beauty
Christmas,Premium-Beauty
Facial-skincare,Skincare
Skin-concerns,Skincare
Skin-type,Skincare
Skincare-gift-value-sets,Skincare
Cleansers,Facial-skincare
Exfoliators,Facial-skincare
Daily-moisturisers,Facial-skincare
Serums,Facial-skincare
Night-treatments,Facial-skincare
Makeup-removers,Facial-skincare
Toners,Facial-skincare
Masks,Facial-skincare
Eyecare,Facial-skincare
Neck-creams,Facial-skincare
Lip-creams,Facial-skincare
Tinted-moisturisers,Facial-skincare
Dry-skin,Skin-type
Sensitive-skin,Skin-type
Oily-skin,Skin-type
Mature-skin,Skin-type
Face,Make-up
Eyes,Make-up
Lips,Make-up
Nails,Make-up
Limited-editions,Make-up
Brushes-accessories,Make-up
Makeup-gift-value-sets,Make-up
Liquid-foundation,Face
Pressed-Powder,Face
Loose-powder,Face
Blushers,Face
Concealers,Face
Makeup-enhancers,Face
Bronzers,Face
Tinted-Moisturisers,Face
Base-primers,Face
Mascara,Eyes
Eye-Shadow,Eyes
Eye-liners,Eyes
Brows,Eyes
Lipstick-lip-tints,Lips
Lip-gloss,Lips
Lip-liners,Lips
Luxury-Nail-Sets,Nails
Nail-colour,Nails
Nail-treatment,Nails
Gift-Value-Sets,Bath-body
Bath-and-Shower,Bath-body
Mens,Bath-body
Sun-protection,Bath-body
Bodycare,Bath-body
Mens-Body,Mens
Mens-Bath-and-Shower,Mens
SPF-2-6,Sun-protection
SPF-8-16,Sun-protection
SPF-20-30,Sun-protection
SPF-35-,Sun-protection
Sun-protection-face,Sun-protection
Sun-protection-body,Sun-protection
Aftersun,Sun-protection
Body-Sun-Protection,Bodycare
Body-Treatment,Bodycare
Body-Scrubs,Bodycare
Body-Moisturisers,Bodycare
Self-Tan,Bodycare
Hands-Feet,Bodycare
Deodorants,Bodycare
Premium-Shampoo,Haircare
Premium-Conditioner,Haircare
Premium-Hair-Styling,Haircare
Premium-Hair-Treatments,Haircare
Premium-Hair-Stylers,Haircare
Premium-Hair-Gift-Sets,Haircare
Skincare,Premium-mens
Shaving,Premium-mens
Bodycare,Premium-mens
Gifts-value-sets,Premium-mens
Face-wash,Skincare
Face-scrub,Skincare
Daily-moisturisers,Skincare
Anti-ageing,Skincare
Anti-blemish,Skincare
Eyecare,Skincare
Oil-control,Skincare
Bronzers,Skincare
Nail-Gifts,Christmas
Something-Different,Christmas
Online-Only,Christmas
All-Gift-Sets,Christmas
Bestsellers,Christmas
Premium-Makeup-Gift-Sets,Christmas
Premium-Skincare-Gift-Sets,Christmas
Premium-Body-Gift-Sets,Christmas
Premium-Mens-Gift-Sets,Christmas
Premium-Hair-Gift-Sets,Christmas
Stocking-Fillers,Christmas
Fragrance-Gift-Sets,Christmas
Whats-new,Make-up
Best-beauty-buys,Make-up
Brows,Make-up
Make-up,Make-up
Make-up-Brushes,Make-up
Make-up-palettes-and-sets,Make-up
Beauty-Boxes,Make-up
Make-up-Wash-Bags,Make-up
Make-up-Removers,Make-up
Make-up-Offers,Make-up
Concealer-Corrector,Eyes
Eyeliners-Pencils,Eyes
Eye-Crayons,Eyes
Eye-Palettes,Eyes
False-Eyelashes,Eyes
Eyelash-Curlers,Eyes
Eye-Primers-Bases,Eyes
Pencil-Sharpeners,Eyes
Eye-Brushes,Eyes
Eyelash-Primers,Eyes
Eyelash-Tint,Eyes
Eye-Make-up-Removers,Eyes
Eye-Accessories,Eyes
False-Eyelashes,Eye-Accessories
Eye-Brushes,Eye-Accessories
Eyelash-Curlers,Eye-Accessories
Eyelash-Primers,Eye-Accessories
Eyelash-Tint,Eye-Accessories
Pencil-Sharpeners,Eye-Accessories
Tweezers,Eye-Accessories
Foundation,Face
Face-Powder,Face
Concealer-Corrector,Face
Primers-Fixers,Face
BB-Cream,Face
CC-Cream,Face
Tinted-Moisturiser,Face
Highlighters-Luminisers,Face
Contour-Kits,Face
Lip-Cheek-Tints,Face
Contour-Make-up-Brushes,Face
Make-up-Sponges,Face
Face-Make-up-Brushes,Face
Lipstick,Lips
Lip-Liners-Pencils,Lips
Lip-Gloss,Lips
Lip-Stains,Lips
Lip-Lacquer,Lips
Lip-Plumpers,Lips
Lip-care,Lips
Lip-Crayons,Lips
Lip-Top-coat,Lips
Lip-Cheek-Tint,Lips
Lip-Brushes,Lips
Nail-Polish,Nails
Top-Coats,Nails
Base-Coats,Nails
Nail-Tools,Nails
Nail-Files,Nails
Gel-Nail,Nails
Nail-Art,Nails
Nail-Wraps,Nails
Nail-Care,Nails
Strengtheners-Protectors,Nails
Cuticle-Care,Nails
Nail-Polish-Removers,Nails
False-Nails,Nails
Make-up-Brush-Cleansers,Make-up-Brushes
Contour-Make-up-Brushes,Make-up-Brushes
Face-Make-up-Brushes,Make-up-Brushes
Make-up-Brush-Sets,Make-up-Brushes
Make-up-Sponges,Make-up-Brushes
Lip-Brushes,Make-up-Brushes
Eye-Brushes,Make-up-Brushes
Halloween,Accessories
Eye-Accessories,Accessories
Hair-Accessories,Accessories
Make-up-Brushes,Accessories
Brows,Accessories
Fashion-Tape,Accessories
Foot-Care,Accessories
Lingerie-Hosiery,Accessories
Jewellery,Accessories
Mens-Accessories,Accessories
Nails,Accessories
Cotton-Wool-Wipes-Tissues,Accessories
Bath-Shower-Accessories,Accessories
Make-up-Wash-Bags,Accessories
Essentials,Accessories
Whats-New,Accessories
Hair-Bands-Scrunchies,Hair-Accessories
Hair-Brushes,Hair-Accessories
Hair-Clips-Grips,Hair-Accessories
Hair-Combs,Hair-Accessories
Hair-Extensions,Hair-Accessories
Hair-Rollers,Hair-Accessories
Hair-Scissors,Hair-Accessories
Hair-Styling,Hair-Accessories
Headbands-Headwraps,Hair-Accessories
Hair-Accessories-for-Children,Hair-Accessories
Hair-Brushes-Combs-for-Men,Hair-Accessories
Hair-Colouring-Accessories,Hair-Accessories
Lingerie,Lingerie-Hosiery
Tights,Lingerie-Hosiery
Fashion,Lingerie-Hosiery
Multipacks,Lingerie-Hosiery
Opaques,Lingerie-Hosiery
Sheers,Lingerie-Hosiery
Support,Lingerie-Hosiery
Shaping,Lingerie-Hosiery
Anti-Cellulite,Lingerie-Hosiery
Slimming-,Lingerie-Hosiery
Ladder-Resist-Tights,Lingerie-Hosiery
Maternity-Tights,Lingerie-Hosiery
Ankle-Knee-Highs,Lingerie-Hosiery
Stockings-Hold-Ups,Lingerie-Hosiery
Socks-Shoeliners,Lingerie-Hosiery
Bath-Mats,Bath-Shower-Accessories
Bath-Pillows,Bath-Shower-Accessories
Bath-Sponges-Body-Polishers,Bath-Shower-Accessories
Body-Back-Brushes,Bath-Shower-Accessories
Body-Exfoliating-Gloves-Mits,Bath-Shower-Accessories
Face-Cloths-Flannels,Bath-Shower-Accessories
Facial-Cleansing-and-Exfoliating,Bath-Shower-Accessories
Foot-Care,Bath-Shower-Accessories
Hair-Turbans-Headbands,Bath-Shower-Accessories
Loofers,Bath-Shower-Accessories
Make-up-Wash-Bags,Bath-Shower-Accessories
Shower-Caps,Bath-Shower-Accessories
Wash-Bags-for-Men,Bath-Shower-Accessories
Nail-Brushes,Bath-Shower-Accessories
Travel-Accessories,Bath-Shower-Accessories
Bathroom-Scales,Bath-Shower-Accessories
Face,Skincare
Bodycare,Skincare
Expert-Skincare,Skincare
Whats-new,Skincare
Lip-care,Skincare
Skincare-Vitamins-Supplements,Skincare
Electrical-Skincare-Devices,Skincare
Exclusive-Boots-brands,Skincare
Hair-Removal,Skincare
Moisturisers,Face
Cleansers,Face
Eye-care,Face
Scrubs-and-Exfoliators,Face
Expert-Skincare,Face
Serums,Face
Face-Masks,Face
Anti-wrinkle,Face
Toners,Face
Wipes,Face
Primers,Face
Expert-Skin-Tool,Expert-Skincare
Dry-Skin,Expert-Skincare
Cleansing,Expert-Skincare
Dehydrated,Expert-Skincare
Redness,Expert-Skincare
Suncare,Expert-Skincare
Sensitive-Skin,Expert-Skincare
Blemish-Prone-Skin,Expert-Skincare
Anti-ageing,Expert-Skincare
Skin-Camouflage,Expert-Skincare
Lotions,Bodycare
Body-scrubs-exfoliators,Bodycare
Hand-Creams,Bodycare
Dry-Skin,Bodycare
Body-butters,Bodycare
Treatment,Bodycare
Oils,Bodycare
Underarm-skin-care,Bodycare
Gradual-Tan,Bodycare
Hair-Removal,Bodycare
Bath-Shower,Bodycare
Botanics,Exclusive-Boots-brands
Soap-and-Glory,Exclusive-Boots-brands
Tea-Tree-and-Witch-Hazel,Exclusive-Boots-brands
Simply-Sensitive,Exclusive-Boots-brands
Time-Delay,Exclusive-Boots-brands
Smoothcare,Exclusive-Boots-brands
Skinclear,Exclusive-Boots-brands
Indeed,Exclusive-Boots-brands
Our-Story,Botanics
Shop-All,Botanics
Facial-skin-care,Botanics
Bath-body-hand,Botanics
Hair,Botanics
Accessories,Botanics
Men,Botanics
Aromatherapy,Botanics
Gifts,Botanics
Which-skincare-range-is-right-for-my-skin-type-,Botanics
New-From-Botanics,Botanics
All-Tea-Tree-Witch-Hazel,Tea-Tree-and-Witch-Hazel
Facial-Cleansing,Tea-Tree-and-Witch-Hazel
Facial-Treatments,Tea-Tree-and-Witch-Hazel
Facial-Moisturising,Tea-Tree-and-Witch-Hazel
Body-Care,Tea-Tree-and-Witch-Hazel
All-Time-Delay,Time-Delay
Skin-Treatments,Time-Delay
Youth-Maintain,Time-Delay
Wrinkle-Reduce,Time-Delay
Mature-Skin,Time-Delay
Day-Creams,Time-Delay
Night-Creams,Time-Delay
Cleansing,Time-Delay
Eye-Lip-Care,Time-Delay
Body-Spray,Indulgent-Bodycare-Gift
Bath-Shower,Indulgent-Bodycare-Gift
New-exclusive,Indulgent-Bodycare-Gift
Body-Exfoliators,Indulgent-Bodycare-Gift
Body-firming-toning,Indulgent-Bodycare-Gift
Body-Moisturisers,Indulgent-Bodycare-Gift
Hands-Nails-Feet,Indulgent-Bodycare-Gift
Candles-home-fragrance,Indulgent-Bodycare-Gift
Indulgent-gifts,Indulgent-Bodycare-Gift
Indulgent-Minis,Indulgent-Bodycare-Gift
Colourants,Hair
Shampoo-Conditioners,Hair
Styling,Hair
Hair-Accessories,Hair
Haircare,Hair
Professional-Haircare,Hair
Hair-loss,Hair
Hair-Toners,Colourants
Highlighting-and-Bleaching,Colourants
Permanent,Colourants
Semi-Permanent,Colourants
Dip-Dye-Hair-Kits,Colourants
Root-Touch-Up,Colourants
Colour-Remover,Colourants
Hair-Crayons-Chalks,Colourants
Mens-Hair-Dye-Colour,Colourants
Shampoo,Shampoo-Conditioners
Conditioner,Shampoo-Conditioners
Dry-Shampoo,Shampoo-Conditioners
Premium-Shampoo,Shampoo-Conditioners
Premium-Conditioner,Shampoo-Conditioners
Hairspray,Styling
Salt-Spray,Styling
Heat-Protection-Spray,Styling
Mousse,Styling
Serum,Styling
Premium-Hair-Styling,Styling
Cream-Paste-Putty,Styling
Gel,Styling
Wax,Styling
Dry-Shampoo,Styling
Complete-range,Styling
Holiday-Inspiration,Sun-care
All-Sun-Protection,Sun-care
Sun-Protection-for-Adults,Sun-care
Sun-Protection-for-Kids,Sun-care
After-sun,Sun-care
Sun-Intensifiers,Sun-care
Self-Tan,Fake-Tan
Prep-Maintain,Fake-Tan
Gradual-tan,Fake-Tan
Instant-tan,Fake-Tan
All-Fake-Tan,Fake-Tan
Clearance,Electrical
Hair-Styling,Electrical
Female-Hair-Removal,Electrical
Electrical-Dental,Electrical
Male-Grooming,Electrical
Beauty-Tools,Electrical
Spare-Parts-Accessories,Electrical
Health-fitness-trackers,Electrical
Electrical-Health,Electrical
Batteries-Chargers,Electrical
Cameras,Electrical
Kindle-eReaders-Fire-Tablets,Electrical
Headphones,Electrical
Speakers,Electrical
Phone-Tablet-Accessories,Electrical
Video-games-consoles,Electrical
Boots-Kitchen-Appliances,Electrical
Online-Only-Bundles,Electrical
Electrical-Offers,Electrical
Premium-Hair-Stylers,Hair-Styling
Hair-Dryers,Hair-Styling
Hair-Straighteners,Hair-Styling
Hair-Curling-Tongs-Wands,Hair-Styling
Hot-Brushes-Air-Stylers,Hair-Styling
Heated-Rollers,Hair-Styling
Gas-Cartridge-Stylers,Hair-Styling
Hair-Conditioning-Tools,Hair-Styling
IPL-Hair-Removal,Female-Hair-Removal
Epilators,Female-Hair-Removal
Lady-Shavers,Female-Hair-Removal
Bikini-Trimmers,Female-Hair-Removal
Facial-Hair-Removal,Female-Hair-Removal
Beard-Stubble-Trimmers,Male-Grooming
Shavers,Male-Grooming
Hair-Clippers,Male-Grooming
Body-Groomers,Male-Grooming
Nose-Ear-Trimmers,Male-Grooming
Shaver-Replacement-Parts-Spares,Male-Grooming
Skin-Cleansing-Brushes,Beauty-Tools
Premium-beauty-tools,Beauty-Tools
Premium-Hair-Stylers,Beauty-Tools
Acne-Treatments,Beauty-Tools
Anti-Aging-Tools,Beauty-Tools
Toning,Beauty-Tools
Manicure-Pedicure,Beauty-Tools
Massagers-Light-Therapy,Beauty-Tools
JML-Range,Beauty-Tools
All-Beauty-Tools,Beauty-Tools
Shaver-Replacement-Heads,Spare-Parts-Accessories
Shaver-Accessories,Spare-Parts-Accessories
Electric-Toothbrush-Heads,Spare-Parts-Accessories
Womens-IPL-and-Epilator-Replacement-Parts,Spare-Parts-Accessories
Womens-Beauty-Accessories,Spare-Parts-Accessories
Cleansing-replacement-brush-heads,Spare-Parts-Accessories
View-all-Spare-Parts-Accessories,Spare-Parts-Accessories
Electric-blankets,Electrical-Health
Foot-spas-foot-massagers,Electrical-Health
Light-therapy,Electrical-Health
Massagers,Electrical-Health
Scales-body-fat-monitors,Electrical-Health
Screening-kits,Electrical-Health
Thermometers,Electrical-Health
All-Digital-Cameras,Cameras
Digital-SLR-Cameras,Cameras
Compact-System-Cameras,Cameras
Bridge-Cameras,Cameras
Superzoom-Cameras,Cameras
Digital-Compact-Cameras,Cameras
Disposable-Cameras,Cameras
Camcorders,Cameras
Kids-Cameras-Gadgets,Cameras
Film,Cameras
Camera-Accessories,Cameras
Camera-Buyers-Guide,Cameras
Camera-Features-Guide,Cameras
Offers-of-the-week,Electrical-Offers
All-Electrical-Beauty-Offers,Electrical-Offers
Best-beauty-buys,Beauty-Tips-Inspiration
Face,Beauty-Tips-Inspiration
Eyes,Beauty-Tips-Inspiration
Lips,Beauty-Tips-Inspiration
Nails,Beauty-Tips-Inspiration
Hair,Beauty-Tips-Inspiration
Body,Beauty-Tips-Inspiration
Fragrance,Beauty-Tips-Inspiration
Create-the-perfect-base,Face
Sharp-cheekbones,Face
Be-a-groomzilla,Face
Try-a-high-tech-beauty-gadget,Face
Anti-ageing-secrets,Face
Get-fresh-faced-and-natural-with-SEVENTEEN,Face
How-to-apply-a-facial-oil,Face
No7-Match-Made-service,Face
Essential-guide-to-creating-the-perfect-base,Face
Smokin-eyes,Eyes
Define-your-brows,Eyes
Azure-like-it,Eyes
Sheer-finish,Eyes
Match-your-liner-to-your-lens,Eyes
How-to-shape-your-eyebrows,Eyes
Celebrity-eyeliner-styles,Eyes
How-to-Flash-of-blue-liner,Eyes
How-to-apply-false-eyelashes,Eyes
Get-the-look-easy-smoky-eye,Eyes
Get-the-look-graphic-eyeliner,Eyes
Get-the-look-high-impact-eyes,Eyes
The-perfect-red-lip,Lips
Berry-Lips,Lips
How-to-the-two-tone-lip,Lips
No7-beauty-book-lips,Lips
Find-your-perfect-red-lipstick,Lips
Get-the-look-electric-lips,Lips
Negative-space-nails,Nails
Daisy-nails,Nails
Gradient-nails,Nails
Green-with-envy,Nails
Buff-nails,Nails
How-to-home-pedicure,Nails
Instant-nail-art-designs,Nails
Nail-care-tips,Nails
How-to-apply-gel-nails,Nails
How-to-pastel-nails,Nails
How-to-white-out-nails,Nails
Woodstock-waves,Hair
Big-blow-dry,Hair
Hollywood-waves,Hair
Turbo-topknot,Hair
The-flick-over,Hair
How-to-party-hair,Hair
Bouncy-blowdry,Hair
Low-slick-bun,Hair
Anti-age-your-hair,Hair
How-to-fishtail-braid,Hair
How-to-sleek-ponytail,Hair
Skincare-for-your-scalp,Hair
Our-top-tips-for-hair-removal,Body
Top-fake-tan-products-and-how-to-apply-them,Body
Champneys-guide-to-beautiful-bodies,Body
Spritz-yourself-sharper,Fragrance
Fragrance-selector-tool,Fragrance
Current-beauty-finds,Beauty-Finds
Previous-beauty-finds,Beauty-Finds
Fragrance-offers,Beauty-offers
Free-gift-offers,Beauty-offers
Make-up-Offers,Beauty-offers
Offers,Beauty-offers
Hair,Toiletries
Washing-Bathing,Toiletries
Dental,Toiletries
Deodorants,Toiletries
For-Her,Toiletries
For-Him,Toiletries
Hair-Removal,Toiletries
Sun-care,Toiletries
Mother-Baby,Toiletries
Childrens-Toiletries,Toiletries
Toiletries-offers,Toiletries
New,Toiletries
Electrical-Hair-Tools,Hair
Black-Haircare,Hair
Healthy-Scalp,Hair
Hair-Growth,Hair
Halloween-Hair,Hair
Shower-Gel,Washing-Bathing
Body-Wash,Washing-Bathing
Bath-Accessories,Washing-Bathing
Bath-Soak,Washing-Bathing
Indulgent-Bodycare-Gift,Washing-Bathing
Soap-Handwash,Washing-Bathing
Body-Moisturisers,Washing-Bathing
Childrens-Toiletries,Washing-Bathing
Mens-Bath-Shower,Washing-Bathing
Anti-Perspirant-Roll-On,Deodorants
Anti-Perspirant-Spray,Deodorants
Problem-Perspiration,Deodorants
Anti-Perspirant-Creams-Sticks,Deodorants
Body-Spray,Deodorants
Compressed-Deodorants,Deodorants
Mens-Deodorants,Deodorants
Tampons,For-Her
Towels,For-Her
Liners,For-Her
Menstrual-Cups,For-Her
Hygiene,For-Her
Bladder-Control,For-Her
Cotton-Wool-Wipes-Tissues,For-Her
Hair-offers,Toiletries-offers
Dental-offers,Toiletries-offers
Deodorant-offers,Toiletries-offers
For-Her-offers,Toiletries-offers
Washing-Bathing-offers,Toiletries-offers
Mens-Offers,Toiletries-offers
Mens-Offers,Mens-Offers
Beard-Care,Men
Mens-Gift-Sets,Men
Shaving,Men
Mens-Value-Packs,Men
Hair,Men
Skincare,Men
Deodorants-Bath-Shower,Men
Dental,Men
Aftershave,Men
Premium-mens,Men
Condoms-sexual-health,Men
Mens-health,Men
New-in-Mens,Men
Mens-Offers,Men
Mens-Gift-Sets,Shaving
Razors,Shaving
Blades,Shaving
Shave-Gels-Foams,Shaving
Shaving-Creams-Brushes,Shaving
Shaving-Oils,Shaving
Post-shave-balms,Shaving
Aftershave,Shaving
All-aftershave,Shaving
Mens-Hair-Removal-Cream-Wax,Shaving
Mens-Hair-Styling,Hair
Mens-Hair-Dye-Colour,Hair
Mens-Hair-Removal-Cream-Wax,Hair
Mens-Moisturisers,Skincare
Mens-Gift-Sets,Skincare
Mens-Face-Wash,Skincare
Mens-Face-Scrub,Skincare
Mens-Anti-ageing-Skincare,Skincare
Mens-Eye-Cream,Skincare
Mens-Lip-Balm,Skincare
Mens-Hand-Body-Cream,Skincare
Mens-Shampoos-Conditioners,Deodorants-Bath-Shower
Mens-Hair-Removal-Cream-Wax,Deodorants-Bath-Shower
Mens-Shower-Gel-Bodywash,Deodorants-Bath-Shower
Mens-Compressed-Deodorants,Deodorants-Bath-Shower
Mens-Bath-Soaks,Deodorants-Bath-Shower
Mens-Gift-Sets,Deodorants-Bath-Shower
Mens-Anti-Perspirant-Spray,Deodorants-Bath-Shower
Mens-Anti-Perspirant-Roll-On,Deodorants-Bath-Shower
Mens-Anti-Perspirant-Stick,Deodorants-Bath-Shower
Mens-Body-Spray,Deodorants-Bath-Shower
Problem-Perspiration,Deodorants-Bath-Shower
Photo-Printing,Photo
Same-Day-Collect-Service,Photo
Personalised-Photo-Gift,Photo
Albums-Frames,Photo
Cameras,Photo
Memory-Storage,Photo
Disposable-Cameras,Photo
Batteries-Chargers,Photo
Kindle-eReaders-Fire-Tablets,Photo
Kids-Cameras-Gadgets,Photo
Photo-Offers,Photo
Photo-Printing,Photo-Printing
Same-Day-Collect-Service,Photo-Printing
Personalised-Photo-Gifts,Photo-Printing
Canvas-Prints,Photo-Printing
Photo-Books,Photo-Printing
Personalised-Cards,Photo-Printing
Photo-Calendars,Photo-Printing
Photo-Mugs,Photo-Printing
Photo-Posters,Photo-Printing
Photo-Scanning-Service,Photo-Printing
All-Albums,Albums-Frames
Scrapbook-Albums,Albums-Frames
Self-Adhesive-Albums,Albums-Frames
All-Frames,Albums-Frames
Multi-Photo-Frames,Albums-Frames
Photo-Printing,Albums-Frames
Personalised-Photo-Gifts,Albums-Frames
Digital-Camera-Offers,Photo-Offers
Album-Frame-Offers,Photo-Offers
Memory-Storage-Offers,Photo-Offers
Battery-Charger-Offers,Photo-Offers
Action-figures-toys,Toys
Arts-craft-science,Toys
Bath-time-toys,Toys
Batteries-chargers,Toys
Character-toys,Toys
Childrens-Toiletries,Toys
Construction-toys,Toys
Dolls-doll-playsets,Toys
Electronic-learning-toys,Toys
Puzzles-jigsaws,Toys
Outdoor-toys,Toys
Pre-school-toys,Toys
Fancy-dress-role-play-toys,Toys
Shop-by-age,Toys
Toy-offers,Toys
Top-toys-games,Toys
Video-games-consoles,Toys
Collectables,Action-figures-toys
Figures,Action-figures-toys
Playsets,Action-figures-toys
Vehicle-toys,Action-figures-toys
All-Action-figures-toys,Action-figures-toys
Batteries-chargers,Electronic-learning-toys
All-Electronic-learning,Electronic-learning-toys
Electronic-toys-games,Electronic-learning-toys
Laptops-tablets-consoles,Electronic-learning-toys
Electronic-books-accessories,Electronic-learning-toys
All-outdoor-toys,Outdoor-toys
Outdoor-games,Outdoor-toys
Picnic-activity-tables,Outdoor-toys
Play-houses,Outdoor-toys
Ride-ons-walkers,Outdoor-toys
Sand-pits,Outdoor-toys
Scooters-bikes-trikes,Outdoor-toys
Swings-climbing-frames,Outdoor-toys
Trampolines,Outdoor-toys
Games-puzzles,Pre-school-toys
All-pre-school-toys,Pre-school-toys
Animal-figures-playsets,Pre-school-toys
Baby-toys,Pre-school-toys
Bath-time-toys,Pre-school-toys
Character-toys,Pre-school-toys
Electronic-learning-toys,Pre-school-toys
Musical-toys,Pre-school-toys
Pretend-play-fancy-dress,Pre-school-toys
Ride-ons-walkers,Pre-school-toys
Soft-toys,Pre-school-toys
0-12-months,Shop-by-age
1-2-Years,Shop-by-age
2-3-years,Shop-by-age
3-4-years,Shop-by-age
4-5-years,Shop-by-age
5-6-years,Shop-by-age
6-7-years,Shop-by-age
7-8-years,Shop-by-age
8-years,Shop-by-age
Shop-all-toy-offers,Toy-offers
Gifts-by-recipient,Gift
Gifts-by-occasion,Gift
Gifts-by-type,Gift
Boots-personalised-gifts,Gift
Gift-Cards,Gift
Toys,Gift
Gifts-for-babies,Gifts-by-recipient
Gifts-for-couples,Gifts-by-recipient
Gifts-For-Her,Gifts-by-recipient
Gifts-For-Him,Gifts-by-recipient
Gifts-for-kids,Gifts-by-recipient
Gifts-for-teenagers,Gifts-by-recipient
All-gift-ideas-for-her,Gifts-For-Her
All-gift-ideas-for-him,Gifts-For-Him
Mothers-Day,Gifts-by-occasion
Back-to-school,Gifts-by-occasion
Birthday,Gifts-by-occasion
Christening,Gifts-by-occasion
Mum-to-be,Gifts-by-occasion
New-baby,Gifts-by-occasion
Thank-you,Gifts-by-occasion
Wedding,Gifts-by-occasion
Christmas,Gifts-by-occasion
Valentines-Day,Gifts-by-occasion
All-birthday-gift-ideas,Birthday
Baby,Gifts-by-type
Bath-body,Gifts-by-type
Candles-home-fragrance,Gifts-by-type
Confectionery,Gifts-by-type
Electrical,Gifts-by-type
Fragrance,Gifts-by-type
Gadgets,Gifts-by-type
Gift-cards,Gifts-by-type
Gift-Experience,Gifts-by-type
Premium-beauty,Gifts-by-type
Stationery,Gifts-by-type
Tech-accessories,Gifts-by-type
Toys,Gifts-by-type
Jewellery,Gifts-by-type
Anniversary-gifts,Boots-personalised-gifts
Birthday-gifts,Boots-personalised-gifts
Christening-naming-day-gifts,Boots-personalised-gifts
Christmas-gifts,Boots-personalised-gifts
Engagement-gifts,Boots-personalised-gifts
Fathers-Day-gifts,Boots-personalised-gifts
Graduation-gifts,Boots-personalised-gifts
Mothers-Day-gifts,Boots-personalised-gifts
New-baby-gifts,Boots-personalised-gifts
Retirement-gifts,Boots-personalised-gifts
Thank-You-gifts,Boots-personalised-gifts
Valentines-Day-gifts,Boots-personalised-gifts
Wedding-gifts,Boots-personalised-gifts
Boots-Gift-Cards,Gift-Cards
Paper-vouchers,Gift-Cards
Offers-of-the-week,Offers
3-for-2-Mix-Match,Offers
Online-only-offers,Offers
Online-only-bundles-multipacks,Offers
Better-than-half-price-offers,Offers
3-for-2-offers,Offers
Free-gift-offers,Offers
Save-offers,Offers
Advantage-Card-offers,Offers
Buy-1-get-1-free-offers,Offers
Buy-1-get-2nd-half-price-offers,Offers
Seasonal-Events,Offers
Halloween,Seasonal-Events
Christmas,Seasonal-Events
Black-Friday,Seasonal-Events
Valentines-Day,Seasonal-Events
Mothers-Day,Seasonal-Events
Summer,Seasonal-Events
Children-in-need,Seasonal-Events
-,Seasonal-Events
Easter-offer,-
Email-exclusive-code,-
Offers-of-the-week,-
Mobile-exclusive-code,-
Acne-spots,Embarrassing-conditions
Athletes-foot,Embarrassing-conditions
Bad-breath,Embarrassing-conditions
Bowel-pain-IBS,Embarrassing-conditions
Cold-sores,Embarrassing-conditions