groupId,name,id,urlkey
22837760,"Open Source",563,"opensource"
22837760,"Web Design",659,"webdesign"
22837760,"Software Development",3833,"softwaredev"
22837760,"WordPress",8304,"wordpress"
22837760,"Internet Professionals",10102,"internetpro"
22837760,"Web Technology",10209,"web"
22837760,"Web Development",15582,"web-development"
22837760,"Online Marketing",15585,"online-marketing"
22837760,"E-Commerce",27954,"internet-ecommerce"
22837760,"CMS (Content Management Systems)",28990,"cms"
22837760,"Computer programming",48471,"computer-programming"
22837760,"Wordpress Plugins",61800,"wordpress-plugins"
22837760,"Wordpress Themes",61801,"wordpress-themes"
22837760,"WordPress Developers",198141,"wordpress-developers"
22837760,"WooCommerce",1505257,"woocommerce"
18313218,"Cloud Computing",15167,"cloud-computing"
18313218,"Amazon Web Services",20398,"amazon-web-services"
18313218,"PaaS (Platform as a Service)",31197,"paas"
18313218,"Windows Azure Platform",66339,"windows-azure-platform"
18313218,"DevOps",87614,"devops"
18313218,"IaaS (Infrastructure as a Service)",107633,"iaas-infrastructure-as-a-service"
18313218,"OpenStack",142180,"openstack"
18313218,"CloudFoundry",850852,"cloudfoundry"
18313218,"OpenShift",985422,"openshift"
18313218,"Azure",1137362,"azure"
18313218,"Docker",1454542,"docker"
18313218,"Google Cloud Platform",1475932,"google-cloud-platform"
18313218,"CoreOS",1486432,"coreos"
18313218,"Kubernetes",1500742,"kubernetes"
10979332,"Open Source",563,"opensource"
10979332,"White Hat Hacking",10009,"whitehat"
10979332,"Network Security",15472,"network-security"
10979332,"Programming Languages",17628,"programming-languages"
10979332,"Hacking",21123,"hacking"
10979332,"Information Security",32743,"information-security"
10979332,"Computer programming",48471,"computer-programming"
10979332,"Ethical Hacking",60447,"ethical-hacking"
10979332,"Software Security",67565,"software-security"
10979332,"Ethical Hacker",88141,"ethical-hacker"
10979332,"Computer Security",124668,"computer-security"
19641353,"Open Source",563,"opensource"
19641353,"Software Development",3833,"softwaredev"
19641353,"Professional Development",3880,"prodev"
19641353,"New Technology",9696,"newtech"
19641353,"Parents",10333,"parents"
19641353,"Cloud Computing",15167,"cloud-computing"
19641353,"Programming Languages",17628,"programming-languages"
19641353,"Learning",18296,"learning"
19641353,"Startup Businesses",21681,"startup-businesses"
19641353,"Data Analytics",30928,"data-analytics"
19641353,"Computer programming",48471,"computer-programming"
19641353,"DevOps",87614,"devops"
19641353,"Technology Startups",108403,"technology-startups"
19136010,"Artificial Intelligence",456,"ai"
19136010,"Robotics",682,"robotics"
19136010,"Cloud Computing",15167,"cloud-computing"
19136010,"Mobile Technology",16216,"mobile-technology"
19136010,"Big Data",18062,"big-data"
19136010,"Mobile Development",21441,"mobile-development"
19136010,"Machine Learning",29971,"machine-learning"
19136010,"Data Analytics",30928,"data-analytics"
19136010,"Predictive Analytics",38458,"predictive-analytics"
19136010,"Computer programming",48471,"computer-programming"
19136010,"Machine Intelligence",98137,"machine-intelligence"
19136010,"Data Science",102811,"data-science"
19136010,"Deep Learning",1456952,"deep-learning"
19136010,"Apache Spark",1471442,"apache-spark"
19136010,"TensorFlow",1508160,"tensorflow"
20030165,"Open Source",563,"opensource"
20030165,"Web Design",659,"webdesign"
20030165,"Software Development",3833,"softwaredev"
20030165,"Web Technology",10209,"web"
20030165,"Technology",10579,"technology"
20030165,"Web Development",15582,"web-development"
20030165,"Mobile Development",21441,"mobile-development"
20030165,"Computer programming",48471,"computer-programming"
20030165,"Internet Startups",128595,"internet-startups"
20030165,"Backend",172360,"backend"
19441162,"Cloud Computing",15167,"cloud-computing"
19441162,"Virtualization",20479,"virtualization"
19441162,"IT Infrastructure",20480,"it-infrastructure"
19441162,"VMware",97776,"vmware"
19441162,"Desktop Virtualization",112650,"desktop-virtualization"
19441162,"Storage Virtualization",112651,"storage-virtualization"
19441162,"VMware Certified Professionals",438722,"vmware-certified-professionals"
19441162,"VMware Certified Advanced Professionals",438732,"vmware-certified-advanced-professionals"
19441162,"VMware Certified Design Experts",438742,"vmware-certified-design-experts"
19441162,"VDI - Virtual Desktop Infrastructure",1051932,"vdi-virtual-desktop-infrastructure"
19441162,"VMUG",1432302,"vmug"
19441162,"VMware User Group",1432312,"vmware-user-group"
19441162,"Datacenter virtualization",1436362,"datacenter-virtualization"
22364704,"Hadoop",18060,"hadoop"
22364704,"Big Data",18062,"big-data"
22364704,"MapReduce",27591,"mapreduce"
22364704,"Machine Learning",29971,"machine-learning"
22364704,"Data Analytics",30928,"data-analytics"
22364704,"Data Science",102811,"data-science"
22364704,"Impala",146292,"impala"
22364704,"Big Data Analytics",383411,"big-data-analytics"
22364704,"APache HBase",1116052,"apache-hbase"
22364704,"Cloudera",1247352,"cloudera"
22364704,"Apache Spark",1471442,"apache-spark"
22364704,"Apache Kafka",1488792,"apache-kafka"
22364704,"SparkML",1508146,"sparkml"
22364704,"Apache Nifi",1509552,"apache-nifi"
22364704,"Spark Streaming",1510570,"spark-streaming"
19614244,"Oracle",2544,"oracle"
19614244,"Hadoop",18060,"hadoop"
19614244,"Big Data",18062,"big-data"
19614244,"Database Development",21506,"database-development"
19614244,"Business Intelligence Strategy",22620,"business-intelligence-strategy"
19614244,"Web Analytics",24439,"web-analytics"
19614244,"Data Analytics",30928,"data-analytics"
19614244,"SQL",33167,"sql"
19614244,"Predictive Analytics",38458,"predictive-analytics"
19614244,"Data Mining",55324,"data-mining"
19614244,"Data Science",102811,"data-science"
19614244,"MongoDB",121802,"mongodb"
19614244,"Data Scientist",1440132,"data-scientist"
19614244,"Apache Spark",1471442,"apache-spark"
19941416,"Software Development",3833,"softwaredev"
19941416,"New Technology",9696,"newtech"
19941416,"Internet Professionals",10102,"internetpro"
19941416,"Cloud Computing",15167,"cloud-computing"
19941416,"Web Development",15582,"web-development"
19941416,"Programming Languages",17628,"programming-languages"
19941416,"Entrepreneurship",19882,"entrepreneurship"
19941416,"Angel Investors",29000,"angel-investors"
19941416,"SaaS (Software as a Service)",33089,"saas-software-as-a-service"
19941416,"Lean Startup",38660,"lean-startup"
19941416,"Venture Capital",38968,"venture-capital"
19941416,"Computer programming",48471,"computer-programming"
19941416,"Hardware",86985,"hardware"
19941416,"Technology Startups",108403,"technology-startups"
19941416,"Internet Startups",128595,"internet-startups"
16506412,"Python",1064,"python"
16506412,"Business Intelligence",10538,"businessintell"
16506412,"Statistical Computing",15280,"statistical-computing"
16506412,"Big Data",18062,"big-data"
16506412,"SAS",27497,"sas"
16506412,"Machine Learning",29971,"machine-learning"
16506412,"Data Analytics",30928,"data-analytics"
16506412,"Predictive Analytics",38458,"predictive-analytics"
16506412,"Data Mining",55324,"data-mining"
16506412,"R Project for Statistical Computing",98380,"r-project-for-statistical-computing"
16506412,"Data Science",102811,"data-science"
16506412,"Applied Statistics",115913,"applied-statistics"
16506412,"Apache Mahout",353961,"apache-mahout"
16506412,"Big Data Analytics",383411,"big-data-analytics"
20871728,"Artificial Intelligence",456,"ai"
20871728,"Robotics",682,"robotics"
20871728,"New Technology",9696,"newtech"
20871728,"Big Data",18062,"big-data"
20871728,"Natural Language Processing",24553,"natural-language-processing"
20871728,"Machine Learning",29971,"machine-learning"
20871728,"Data Analytics",30928,"data-analytics"
20871728,"Predictive Analytics",38458,"predictive-analytics"
20871728,"neural networks",39679,"neural-networks"
20871728,"Data Mining",55324,"data-mining"
20871728,"Artificial Intelligence Applications",90163,"artificial-intelligence-applications"
20871728,"Machine Intelligence",98137,"machine-intelligence"
20871728,"Data Science",102811,"data-science"
20871728,"Computer Vision",126717,"computer-vision"
20871728,"Artificial Intelligence Programming",745722,"artificial-intelligence-programming"
8131122,"Web Design",659,"webdesign"
8131122,"Software Development",3833,"softwaredev"
8131122,"Cloud Computing",15167,"cloud-computing"
8131122,"Web Development",15582,"web-development"
8131122,"Big Data",18062,"big-data"
8131122,"Mobile Development",21441,"mobile-development"
8131122,"SaaS (Software as a Service)",33089,"saas-software-as-a-service"
8131122,"Application Development",36167,"application-development"
8131122,"APIs",80749,"apis"
8131122,"Web Services",99927,"web-services"
8131122,"Startup Accelerators",454032,"startup-accelerators"
8131122,"Web API Design",917302,"web-api-design"
8131122,"Application Programming Interface",1345202,"application-programming-interface"
6365752,"PHP",455,"php"
6365752,"Open Source",563,"opensource"
6365752,"Ruby",1040,"ruby"
6365752,"Python",1064,"python"
6365752,"Database Professionals",1245,"databasepro"
6365752,"JavaScript",7029,"javascript"
6365752,"Big Data",18062,"big-data"
6365752,"Database Development",21506,"database-development"
6365752,"Computer programming",48471,"computer-programming"
6365752,"NoSQL",58162,"nosql"
6365752,"MongoDB",121802,"mongodb"
18966077,"Open Source",563,"opensource"
18966077,"Software Development",3833,"softwaredev"
18966077,"Google",6490,"google"
18966077,"Web Technology",10209,"web"
18966077,"Cloud Computing",15167,"cloud-computing"
18966077,"Web Development",15582,"web-development"
18966077,"Big Data",18062,"big-data"
18966077,"Android",19724,"android"
18966077,"Android Development",20346,"android-developers"
18966077,"Mobile Development",21441,"mobile-development"
18966077,"Computer programming",48471,"computer-programming"
18966077,"HTML5",78565,"html5"
18966077,"Google Developer Group",989262,"google-developer-group"
18966077,"Google Cloud Platform",1475932,"google-cloud-platform"
18966077,"Progressive web apps",1509837,"progressive-web-apps"
19147326,"Java",189,"java"
19147326,"Open Source",563,"opensource"
19147326,"Software Development",3833,"softwaredev"
19147326,"JavaScript",7029,"javascript"
19147326,"Programming Languages",17628,"programming-languages"
19147326,"Computer programming",48471,"computer-programming"
19147326,"JVM Languages",107750,"jvm-languages"
18431041,"Big Data",18062,"big-data"
18431041,"Visualization",18987,"visualization"
18431041,"Data Analytics",30928,"data-analytics"
18431041,"Data Visualization",37381,"data-visualization"
18431041,"Journalism",44584,"journalism"
18431041,"Computer programming",48471,"computer-programming"
18431041,"Data Mining",55324,"data-mining"
18431041,"Open Data",60043,"open-data"
18431041,"Infographics",77098,"infographics"
18431041,"HTML5",78565,"html5"
18431041,"HacksHackers",90489,"hackshackers"
18431041,"Data Journalism",118765,"data-journalism"
18431041,"Data",480642,"data"
18431041,"Periodismo de datos",1438592,"periodismo-de-datos"
18431041,"Periodismo de investigación",1443822,"periodismo-de-investigacion"
12330052,"Software Development",3833,"softwaredev"
12330052,"New Technology",9696,"newtech"
12330052,"Web Technology",10209,"web"
12330052,"Big Data",18062,"big-data"
12330052,"Data Analytics",30928,"data-analytics"
12330052,"Computer programming",48471,"computer-programming"
12330052,"DevOps",87614,"devops"
12330052,"Data Science",102811,"data-science"
12330052,"Deep Learning",1456952,"deep-learning"
12330052,"Big Data Developers",1482272,"big-data-developers"
19082317,"New Technology",9696,"newtech"
19082317,"Data Management",10494,"datamanagement"
19082317,"Business Intelligence",10538,"businessintell"
19082317,"Cloud Computing",15167,"cloud-computing"
19082317,"Hadoop",18060,"hadoop"
19082317,"Big Data",18062,"big-data"
19082317,"Data Analytics",30928,"data-analytics"
19082317,"Data Visualization",37381,"data-visualization"
19082317,"Open Data",60043,"open-data"
19082317,"The Cloud",86100,"the-cloud"
19082317,"Business Analytics",98842,"business-analytics"
19082317,"Cloud Security",110474,"cloud-security"
19082317,"Big Data Analytics",383411,"big-data-analytics"
20214862,"Open Source",563,"opensource"
20214862,"New Technology",9696,"newtech"
20214862,"Cloud Computing",15167,"cloud-computing"
20214862,"Hadoop",18060,"hadoop"
20214862,"Big Data",18062,"big-data"
20214862,"MapReduce",27591,"mapreduce"
20214862,"Data Visualization",37381,"data-visualization"
20214862,"Predictive Analytics",38458,"predictive-analytics"
20214862,"Internet of Things",79740,"internet-of-things"
20214862,"Big Data Analytics",383411,"big-data-analytics"
20214862,"Stream Processing",1438362,"stream-processing"
20214862,"Apache Spark",1471442,"apache-spark"
20214862,"Apache Kafka",1488792,"apache-kafka"
20214862,"Apache Apex",1507846,"apache-apex"
20214862,"Big Data Ingestion",1507853,"big-data-ingestion"
19213905,"Artificial Intelligence",456,"ai"
19213905,"Robotics",682,"robotics"
19213905,"Cloud Computing",15167,"cloud-computing"
19213905,"Hadoop",18060,"hadoop"
19213905,"Big Data",18062,"big-data"
19213905,"Machine Learning",29971,"machine-learning"
19213905,"Data Analytics",30928,"data-analytics"
19213905,"Predictive Analytics",38458,"predictive-analytics"
19213905,"neural networks",39679,"neural-networks"
19213905,"Artificial Intelligence Applications",90163,"artificial-intelligence-applications"
19213905,"Machine Intelligence",98137,"machine-intelligence"
19213905,"Data Science",102811,"data-science"
19213905,"Healthcare Innovation",154951,"healthcare-innovation"
19213905,"Big Data Analytics",383411,"big-data-analytics"
19213905,"Deep Learning",1456952,"deep-learning"
20076626,"Software Development",3833,"softwaredev"
20076626,"Cloud Computing",15167,"cloud-computing"
20076626,"Amazon Web Services",20398,"amazon-web-services"
20076626,"Computer programming",48471,"computer-programming"
20076626,"mobile developers",843662,"mobile-developers"
20076626,"Serverless Architecture",1509702,"serverless-architecture"
20473943,"Big Data",18062,"big-data"
20473943,"Business Intelligence Strategy",22620,"business-intelligence-strategy"
20473943,"Business Intelligence Best Practices",22622,"business-intelligence-best-practices"
20473943,"Web Analytics",24439,"web-analytics"
20473943,"Data Analytics",30928,"data-analytics"
20473943,"Data Visualization",37381,"data-visualization"
20473943,"Google Analytics",47790,"google-analytics"
20473943,"Business Analytics",98842,"business-analytics"
20473943,"Big Data Analytics",383411,"big-data-analytics"
4678242,"Small Business",389,"smallbiz"
4678242,"Marketing",1238,"marketing"
4678242,"Cloud Computing",15167,"cloud-computing"
4678242,"Professional Networking",15720,"professional-networking"
4678242,"Startup Businesses",21681,"startup-businesses"
4678242,"E-Commerce",27954,"internet-ecommerce"
4678242,"Prestashop",98159,"prestashop"
4678242,"IaaS (Infrastructure as a Service)",107633,"iaas-infrastructure-as-a-service"
4678242,"after-work activity",886742,"after-work-activity"
19671131,"Linux",188,"linux"
19671131,"Open Source",563,"opensource"
19671131,"Software Development",3833,"softwaredev"
19671131,"New Technology",9696,"newtech"
19671131,"Technology",10579,"technology"
19671131,"Computer programming",48471,"computer-programming"
19671131,"Gnome",1009542,"gnome"
18572893,"Open Source",563,"opensource"
18572893,"Local Politics",8867,"localpolitics"
18572893,"New Technology",9696,"newtech"
18572893,"Activism",19197,"activism"
18572893,"Think Globally Act Locally",41895,"think-globally-act-locally"
18572893,"Sustainable Social and Economic Development",47571,"sustainable-social-and-economic-development"
18572893,"Cooperative",93222,"cooperative"
18572893,"Decentralization",100259,"decentralization"
18572893,"Alternative Economics",118173,"alternative-economics"
18572893,"common good",129175,"common-good"
18572893,"Commons",144841,"commons"
18572893,"cooperatives",171011,"cooperatives"
18572893,"Cryptocurrency",191791,"cryptocurrency"
18572893,"open culture",376171,"open-culture"
18572893,"P2P Distributed Systems",1468212,"p2p-distributed-systems"
22486110,"New Technology",9696,"newtech"
22486110,"Web Technology",10209,"web"
22486110,"Big Data",18062,"big-data"
22486110,"High Scalability Computing",24410,"high-scalability-computing"
22486110,"Data Analytics",30928,"data-analytics"
22486110,"JSON",40788,"json"
22486110,"Internet of Things",79740,"internet-of-things"
22486110,"MongoDB",121802,"mongodb"
22486110,"Internet Startups",128595,"internet-startups"
19738208,"Artificial Intelligence",456,"ai"
19738208,"Open Source",563,"opensource"
19738208,"Software Development",3833,"softwaredev"
19738208,"New Technology",9696,"newtech"
19738208,"Cloud Computing",15167,"cloud-computing"
19738208,"Big Data",18062,"big-data"
19738208,"Machine Learning",29971,"machine-learning"
19738208,"Financial Technology",34050,"financial-technology"
19738208,"Internet of Things",79740,"internet-of-things"
19738208,"Cryptography",84681,"cryptography"
19738208,"Internet Startups",128595,"internet-startups"
19738208,"Bitcoin",139517,"bitcoin"
19738208,"Cryptocurrency",191791,"cryptocurrency"
19738208,"Ethereum",1471992,"ethereum"
19738208,"Blockchain",1493232,"blockchain"
22175330,"Marketing",1238,"marketing"
22175330,"Professional Development",3880,"prodev"
22175330,"Education & Technology",7203,"edtech"
22175330,"Big Data",18062,"big-data"
22175330,"User Experience",19243,"user-experience"
22175330,"Usability",26938,"usability"
22175330,"Data Analytics",30928,"data-analytics"
22175330,"Data Visualization",37381,"data-visualization"
22175330,"UX Design",61781,"ux-design"
22175330,"Data Science using Python",1481522,"data-science-using-python"
22175330,"Blockchain",1493232,"blockchain"
22175330,"Data Science using R",1512213,"data-science-using-r"
22175330,"Data Science for Business",1512214,"data-science-for-business"
8376422,"PHP",455,"php"
8376422,"Open Source",563,"opensource"
8376422,"Drupal",10358,"drupal"
8376422,"Programming Languages",17628,"programming-languages"
8376422,"CMS (Content Management Systems)",28990,"cms"
8376422,"Computer programming",48471,"computer-programming"
8376422,"Learning Drupal",73511,"learning-drupal"
8376422,"Drupal Mastering",146762,"drupal-mastering"
8376422,"Drupal Developers",162542,"drupal-developers"
8376422,"Drupal Modules",162544,"drupal-modules"
8376422,"Drupal themers",573882,"drupal-themers"
20078187,"Open Source",563,"opensource"
20078187,"New Technology",9696,"newtech"
20078187,"PostgreSQL",10361,"postgresql"
20078187,"Computer programming",48471,"computer-programming"
20078187,"APIs",80749,"apis"
20078187,"Cloud Storage APIs",683142,"cloud-storage-apis"
20078187,"PostgreSQL and Open Source Projects",840202,"postgresql-and-open-source-projects"
20078187,"Web API Design",917302,"web-api-design"
20078187,"API documentation",1219032,"api-documentation"
20078187,"Application Programming Interface",1345202,"application-programming-interface"
20078187,"Kong",1506438,"kong"
20078187,"Kong layer",1506439,"kong-layer"
20078187,"Kong API management",1506440,"kong-api-management"
23249008,"Cloud Computing",15167,"cloud-computing"
23249008,"SaaS (Software as a Service)",33089,"saas-software-as-a-service"
23249008,"Google Apps",45441,"google-apps"
22938737,"Innovation",1954,"innovation"
22938737,"Product Design",2993,"productdesign"
22938737,"Education & Technology",7203,"edtech"
22938737,"Big Data",18062,"big-data"
22938737,"Startup Businesses",21681,"startup-businesses"
22938737,"Productivity",23689,"productivity"
22938737,"Creativity",36229,"creative"
22938737,"Lean Startup",38660,"lean-startup"
22938737,"Open Innovation",51127,"open-innovation"
22938737,"Emprendedores",66402,"emprendedores"
22938737,"Design Thinking",77906,"design-thinking"
22938737,"transformación digital",1509148,"transformacion-digital"
20421748,"Open Source",563,"opensource"
20421748,"Software Development",3833,"softwaredev"
20421748,"JavaScript",7029,"javascript"
20421748,"Cloud Computing",15167,"cloud-computing"
20421748,"Web Development",15582,"web-development"
20421748,"Virtualization",20479,"virtualization"
20421748,"PaaS (Platform as a Service)",31197,"paas"
20421748,"SaaS (Software as a Service)",33089,"saas-software-as-a-service"
20421748,"Configuration Management",46810,"configuration-management"
20421748,"Computer programming",48471,"computer-programming"
20421748,"Monitoring",84070,"monitoring"
20421748,"DevOps",87614,"devops"
20421748,"IaaS (Infrastructure as a Service)",107633,"iaas-infrastructure-as-a-service"
20421748,"Technology Startups",108403,"technology-startups"
20421748,"Containers",1504752,"containers"
21955192,"Linux",188,"linux"
21955192,"Open Source",563,"opensource"
21955192,"System Administration",2109,"sysadmin"
21955192,"Software Development",3833,"softwaredev"
21955192,"Web Technology",10209,"web"
21955192,"Web Performance",15091,"web-performance"
21955192,"Web Development",15582,"web-development"
21955192,"SEO (Search Engine Optimization)",23199,"seo-search-engine-optimization"
21955192,"Website Traffic",27029,"website-traffic"
21955192,"Computer programming",48471,"computer-programming"
21955192,"Website Optimization",96611,"website-optimization"
21955192,"Technology Startups",108403,"technology-startups"
21955192,"Varnish",439062,"varnish"
21955192,"varnish cache",624422,"varnish-cache"
21955192,"Microservices",1504699,"microservices"
21743739,"Web Standards",417,"webstandards"
21743739,"Open Source",563,"opensource"
21743739,"JavaScript",7029,"javascript"
21743739,"Web Development",15582,"web-development"
21743739,"JavaScript Libraries",56555,"javascript-libraries"
21743739,"JavaScript Frameworks",85951,"javascript-frameworks"
21743739,"JavaScript Applications",964072,"javascript-applications"
21743739,"Web Components",1493762,"web-components"
21743739,"ES6",1504016,"es6"
21743739,"ReactJS",1504812,"reactjs"
21743739,"React Native",1505697,"react-native"
21743739,"Redux",1509231,"redux"
21743739,"GraphQL",1510203,"graphql"
21743739,"RelayJS",1510204,"relayjs"
21743739,"Jest",1511927,"jest"
21590141,"Business Intelligence",10538,"businessintell"
21590141,"Cloud Computing",15167,"cloud-computing"
21590141,"Web Development",15582,"web-development"
21590141,"Big Data",18062,"big-data"
21590141,"Machine Learning",29971,"machine-learning"
21590141,"Data Visualization",37381,"data-visualization"
21590141,"Predictive Analytics",38458,"predictive-analytics"
21590141,"APIs",80749,"apis"
21590141,"Business Analytics",98842,"business-analytics"
21590141,"Data Science",102811,"data-science"
21590141,"Big Data Analytics",383411,"big-data-analytics"
21590141,"Cloud Storage APIs",683142,"cloud-storage-apis"
21590141,"Web API Design",917302,"web-api-design"
21590141,"API documentation",1219032,"api-documentation"
21590141,"Application Programming Interface",1345202,"application-programming-interface"
18519679,"Java",189,"java"
18519679,"Open Source",563,"opensource"
18519679,"Software Development",3833,"softwaredev"
18519679,"Web Technology",10209,"web"
18519679,"Web Development",15582,"web-development"
18519679,"Android Development",20346,"android-developers"
18519679,"Mobile Development",21441,"mobile-development"
18519679,"Computer programming",48471,"computer-programming"
13129152,"PHP",455,"php"
13129152,"Open Source",563,"opensource"
13129152,"Web Design",659,"webdesign"
13129152,"Graphic Design",781,"graphicdesign"
13129152,"Web Technology",10209,"web"
13129152,"Drupal",10358,"drupal"
13129152,"Web Development",15582,"web-development"
13129152,"CMS (Content Management Systems)",28990,"cms"
13129152,"Drupal Security",33008,"drupal-security"
13129152,"Drupal Theming",71707,"drupal-theming"
13129152,"Learning Drupal",73511,"learning-drupal"
13129152,"Drupal Developers",162542,"drupal-developers"
19150470,"Cloud Computing",15167,"cloud-computing"
19150470,"Swagger",21089,"swagger"
19150470,"NoSQL",58162,"nosql"
19150470,"DevOps",87614,"devops"
19150470,"nodeJS",101960,"nodejs"
19150470,"IT Professionals",164111,"it-professionals"
19150470,"Continuous Delivery",166000,"continuous-delivery"
19150470,"Event Driven Architecture",589922,"event-driven-architecture"
19150470,"vertx",1485072,"vertx"
19150470,"vert.x",1485082,"vert-x"
19150470,"Spring Boot",1507449,"spring-boot"
19150470,"Spring Cloud",1507450,"spring-cloud"
19150470,"RAML",1509149,"raml"
19150470,"WSO2",1509150,"wso2"
19932609,"Open Source",563,"opensource"
19932609,"Software Development",3833,"softwaredev"
19932609,"Community",15227,"community"
19932609,"Software Engineering",16325,"software-engineering"
19932609,"Software Development Technologies",172426,"software-development-technologies"
19932609,"Metrics",879262,"metrics"
21206667,"Open Source",563,"opensource"
21206667,"Cloud Computing",15167,"cloud-computing"
21206667,"PaaS (Platform as a Service)",31197,"paas"
21206667,"Configuration Management",46810,"configuration-management"
21206667,"Data Center and Operations Automation",46831,"data-center-and-operations-automation"
21206667,"DevOps",87614,"devops"
21206667,"Infrastructure as Code",126177,"infrastructure-as-code"
21206667,"OpenStack",142180,"openstack"
21206667,"Continuous Delivery",166000,"continuous-delivery"
21206667,"Docker",1454542,"docker"
21206667,"Decentralized Systems",1461892,"decentralized-systems"
21206667,"Apache Spark",1471442,"apache-spark"
21206667,"apache mesos",1486592,"apache-mesos"
21206667,"Kubernetes",1500742,"kubernetes"
21206667,"Containers",1504752,"containers"
19815052,"Software Development",3833,"softwaredev"
19815052,"Cloud Computing",15167,"cloud-computing"
19815052,"Web Development",15582,"web-development"
19815052,"Big Data",18062,"big-data"
19815052,"High Scalability Computing",24410,"high-scalability-computing"
19815052,"Data Analytics",30928,"data-analytics"
19815052,"Data Visualization",37381,"data-visualization"
19815052,"Business Process Management",49337,"business-process-management"
19815052,"NoSQL",58162,"nosql"
19815052,"Business Rules",89190,"business-rules"
19815052,"BPM",264501,"bpm"
19815052,"Big Data Analytics",383411,"big-data-analytics"
19815052,"Business Process Automation",736382,"business-process-automation"
19815052,"BPMN",1490872,"bpmn"
19815052,"Camunda",1506753,"camunda"
23809389,"Open Source",563,"opensource"
23809389,"Software Development",3833,"softwaredev"
23809389,"New Technology",9696,"newtech"
23809389,"Interaction Design",10110,"ixd"
23809389,"Web Technology",10209,"web"
23809389,"Web Development",15582,"web-development"
23809389,"Professional Networking",15720,"professional-networking"
23809389,"User Experience",19243,"user-experience"
23809389,"Entrepreneur Networking",20060,"business-entrepreneur-networking"
23809389,"Community Building",20727,"community-building"
23809389,"Usability",26938,"usability"
23809389,"UX Design",61781,"ux-design"
23809389,"Usability testing",1346892,"usability-testing"
20214931,"Open Source",563,"opensource"
20214931,"New Technology",9696,"newtech"
20214931,"Cloud Computing",15167,"cloud-computing"
20214931,"Hadoop",18060,"hadoop"
20214931,"Big Data",18062,"big-data"
20214931,"Amazon Web Services",20398,"amazon-web-services"
20214931,"MapReduce",27591,"mapreduce"
20214931,"Machine Learning",29971,"machine-learning"
20214931,"NoSQL",58162,"nosql"
20214931,"Big Data Analytics",383411,"big-data-analytics"
20214931,"Stream Processing",1438362,"stream-processing"
20214931,"Apache Spark",1471442,"apache-spark"
20214931,"Apache Storm",1481542,"apache-storm"
20214931,"Apache Kafka",1488792,"apache-kafka"
20214931,"Apache Apex",1507846,"apache-apex"
7441262,"Open Source",563,"opensource"
7441262,"Oracle",2544,"oracle"
7441262,"Cloud Computing",15167,"cloud-computing"
7441262,"Hadoop",18060,"hadoop"
7441262,"Big Data",18062,"big-data"
7441262,"High Scalability Computing",24410,"high-scalability-computing"
7441262,"MapReduce",27591,"mapreduce"
7441262,"Machine Learning",29971,"machine-learning"
7441262,"Data Analytics",30928,"data-analytics"
7441262,"NoSQL",58162,"nosql"
7441262,"Hive",61679,"hive"
7441262,"HBase",61680,"hbase"
7441262,"Cassandra",77842,"cassandra"
7441262,"MongoDB",121802,"mongodb"
7441262,"Apache Pig",233811,"apache-pig"
20013206,"Linux",188,"linux"
20013206,"Open Source",563,"opensource"
20013206,"Big Data",18062,"big-data"
20013206,"Apache Spark",1471442,"apache-spark"
20013206,"apache mesos",1486592,"apache-mesos"
18560154,"New Technology",9696,"newtech"
18560154,"Mapping",10842,"mapping"
18560154,"Virtual Reality",26062,"virtual-reality"
18560154,"Data Visualization",37381,"data-visualization"
18560154,"Arduino",39012,"arduino"
18560154,"Processing",41488,"processing"
18560154,"OpenFrameworks",41489,"openframeworks"
18560154,"Computer programming",48471,"computer-programming"
18560154,"Physical Computing",54435,"physical-computing"
18560154,"Computer Vision",126717,"computer-vision"
18560154,"Generative Art",283281,"generative-art"
18560154,"VVVV",342781,"vvvv"
18560154,"Creative Coding",705622,"creative-coding"
23053985,"Open Source",563,"opensource"
23053985,"Python",1064,"python"
23053985,"Software Development",3833,"softwaredev"
23053985,"Education & Technology",7203,"edtech"
23053985,"Women in Technology",10296,"witi"
23053985,"Django",10553,"django"
23053985,"Web Development",15582,"web-development"
23053985,"Software Engineering",16325,"software-engineering"
23053985,"Big Data",18062,"big-data"
23053985,"Engineering",21750,"engineering"
23053985,"Machine Learning",29971,"machine-learning"
23053985,"Computer programming",48471,"computer-programming"
23053985,"Data Science",102811,"data-science"
23053985,"PyLadies",357041,"pyladies"
23053985,"Women Computer Scientists",691492,"women-computer-scientists"
10534562,"Open Source",563,"opensource"
10534562,"Database Professionals",1245,"databasepro"
10534562,"PostgreSQL",10361,"postgresql"
10534562,"Database Development",21506,"database-development"
10534562,"SQL",33167,"sql"
10534562,"Postgres",208041,"postgres"
10534562,"Development using PostgreSQL",840192,"development-using-postgresql"
10534562,"PostgreSQL and Open Source Projects",840202,"postgresql-and-open-source-projects"
18182308,"Big Data",18062,"big-data"
18182308,"Information Security",32743,"information-security"
18182308,"Software Security",67565,"software-security"
18182308,"Computer Security",124668,"computer-security"
18182308,"Cybersecurity",152026,"cybersecurity"
18182308,"Stream Processing",1438362,"stream-processing"
18182308,"Apache Storm",1481542,"apache-storm"
18182308,"Sinfonier",1503709,"sinfonier"
18182308,"Sinfonier Project",1503710,"sinfonier-project"
19508337,"Big Data",18062,"big-data"
19508337,"Data Analytics",30928,"data-analytics"
19508337,"Data Science",102811,"data-science"
19508337,"Big Data Analytics",383411,"big-data-analytics"
19508337,"Stream Processing",1438362,"stream-processing"
19508337,"Apache Flink",1505717,"apache-flink"
20593322,"Database Professionals",1245,"databasepro"
20593322,"New Technology",9696,"newtech"
20593322,"Data Management",10494,"datamanagement"
20593322,"Big Data",18062,"big-data"
20593322,"Database Development",21506,"database-development"
20593322,"High Scalability Computing",24410,"high-scalability-computing"
20593322,"NoSQL",58162,"nosql"
20593322,"Couchbase",1162662,"couchbase"
13193902,"Linux",188,"linux"
13193902,"Open Source",563,"opensource"
13193902,"Cloud Computing",15167,"cloud-computing"
13193902,"Virtualization",20479,"virtualization"
13193902,"Continuous Integration",27922,"continuous-integration"
13193902,"PaaS (Platform as a Service)",31197,"paas"
13193902,"Configuration Management",46810,"configuration-management"
13193902,"Data Center and Operations Automation",46831,"data-center-and-operations-automation"
13193902,"DevOps",87614,"devops"
13193902,"IaaS (Infrastructure as a Service)",107633,"iaas-infrastructure-as-a-service"
13193902,"Infrastructure as Code",126177,"infrastructure-as-code"
13193902,"OpenStack",142180,"openstack"
13193902,"Continuous Delivery",166000,"continuous-delivery"
13193902,"Web Operations",230341,"web-operations"
13193902,"Continuous Deployment",230351,"continuous-deployment"
13193902,"Docker",1454542,"docker"
19246259,"Open Source",563,"opensource"
19246259,"Software Development",3833,"softwaredev"
19246259,"New Technology",9696,"newtech"
19246259,"Web Technology",10209,"web"
19246259,"PaaS (Platform as a Service)",31197,"paas"
19246259,"IaaS (Infrastructure as a Service)",107633,"iaas-infrastructure-as-a-service"
19246259,"Infrastructure as Code",126177,"infrastructure-as-code"
19246259,"Continuous Delivery",166000,"continuous-delivery"
19246259,"Docker",1454542,"docker"
19246259,"Kubernetes",1500742,"kubernetes"
19246259,"Rocket",1503888,"rocket"
19246259,"Containers",1504752,"containers"
22026935,"Robotics",682,"robotics"
22026935,"Python",1064,"python"
22026935,"New Technology",9696,"newtech"
22026935,"Microcontrollers",9903,"microcontroller"
22026935,"Programming Languages",17628,"programming-languages"
22026935,"Hadoop",18060,"hadoop"
22026935,"Big Data",18062,"big-data"
22026935,"Hacking",21123,"hacking"
22026935,"Functional Programming",22792,"functional-programming"
22026935,"Data Analytics",30928,"data-analytics"
22026935,"Arduino",39012,"arduino"
22026935,"Computer programming",48471,"computer-programming"
22026935,"Knowledge Sharing",65780,"knowledge-sharing"
22026935,"Big Data Analytics",383411,"big-data-analytics"
22026935,"Raspberry Pi",1216152,"raspberry-pi"
18480826,"Software Development",3833,"softwaredev"
18480826,"Web Technology",10209,"web"
18480826,"Cloud Computing",15167,"cloud-computing"
18480826,"PaaS (Platform as a Service)",31197,"paas"
18480826,"DevOps",87614,"devops"
18480826,"Cloud Foundry",514432,"cloud-foundry"
18480826,"BlueMix",1481632,"bluemix"
18480826,"IBM Bluemix",1488192,"ibm-bluemix"
20446909,"Open Source",563,"opensource"
20446909,"Red Hat",6768,"redhat"
20446909,"Cloud Computing",15167,"cloud-computing"
20446909,"PaaS (Platform as a Service)",31197,"paas"
20446909,"OpenShift",985422,"openshift"
20446909,"Red Hat Enterprise Linux (RHEL)",1202452,"red-hat-enterprise-linux-rhel"
20446909,"Docker",1454542,"docker"
20446909,"Red Hat JBoss Middleware",1472672,"red-hat-jboss-middleware"
20446909,"Kubernetes",1500742,"kubernetes"
20446909,"OpenShift Origin",1504323,"openshift-origin"
20446909,"Project Atomic",1504324,"project-atomic"
18498239,"Big Data",18062,"big-data"
18498239,"Smart Grid",18384,"smart-grid"
18498239,"Data Analytics",30928,"data-analytics"
18498239,"Data Visualization",37381,"data-visualization"
18498239,"Predictive Analytics",38458,"predictive-analytics"
18498239,"Telecommunications",61638,"telecommunications"
18498239,"Internet of Things",79740,"internet-of-things"
18498239,"Machine-to-Machine",97440,"machine-to-machine"
18498239,"Data Science",102811,"data-science"
18498239,"Sensors",146008,"sensors"
18498239,"Energy and Utility",168363,"energy-and-utility"
19151041,"Open Source",563,"opensource"
19151041,"Web Design",659,"webdesign"
19151041,"Software Development",3833,"softwaredev"
19151041,"JavaScript",7029,"javascript"
19151041,"Cloud Computing",15167,"cloud-computing"
19151041,"Web Development",15582,"web-development"
19151041,"Programming Languages",17628,"programming-languages"
19151041,"Mobile Development",21441,"mobile-development"
19151041,"Computer programming",48471,"computer-programming"
19151041,"HTML 5/CSS3",601332,"html-5-css3"
12715202,"Big Data",18062,"big-data"
12715202,"Machine Learning",29971,"machine-learning"
12715202,"Data Visualization",37381,"data-visualization"
12715202,"Predictive Analytics",38458,"predictive-analytics"
12715202,"Data Science",102811,"data-science"
12715202,"Algorithms",111155,"algorithms"
12715202,"Big Data Analytics",383411,"big-data-analytics"
12715202,"Statistical Modeling",1452302,"statistical-modeling"
13797062,"Business Intelligence",10538,"businessintell"
13797062,"Cloud Computing",15167,"cloud-computing"
13797062,"Hadoop",18060,"hadoop"
13797062,"Big Data",18062,"big-data"
13797062,"Computer Science",21751,"computer-science"
13797062,"Machine Learning",29971,"machine-learning"
13797062,"Data Analytics",30928,"data-analytics"
13797062,"Data Visualization",37381,"data-visualization"
13797062,"Predictive Analytics",38458,"predictive-analytics"
13797062,"Data Mining",55324,"data-mining"
13797062,"NoSQL",58162,"nosql"
13797062,"Data Science",102811,"data-science"
13797062,"Applied Statistics",115913,"applied-statistics"
13797062,"Big Data Analytics",383411,"big-data-analytics"
20675271,"Open Source",563,"opensource"
20675271,"Software Development",3833,"softwaredev"
20675271,"Web Technology",10209,"web"
20675271,"Functional Programming",22792,"functional-programming"
20675271,"Arduino",39012,"arduino"
20675271,"Computer programming",48471,"computer-programming"
12026062,"Linux",188,"linux"
12026062,"Go",412,"go"
12026062,"Open Source",563,"opensource"
12026062,"Programming Languages",17628,"programming-languages"
12026062,"Functional Programming",22792,"functional-programming"
12026062,"Web Programming",39049,"web-programmers"
12026062,"Computer programming",48471,"computer-programming"
12026062,"CUDA: Compute Unified Device Architecture",59685,"cuda"
12026062,"High Performance Computing",77687,"high-performance-computing"
12026062,"Parallel Programming",77822,"parallel-programming"
12026062,"Concurrent Programming",107751,"concurrent-programming"
12026062,"Go (Programming Language)",336801,"go-programming-language"
12026062,"Golang",336811,"golang"
20207827,"Open Source",563,"opensource"
20207827,"Software Development",3833,"softwaredev"
20207827,"Education & Technology",7203,"edtech"
20207827,"Virtual Currency",70315,"virtual-currency"
20207827,"Cryptography",84681,"cryptography"
20207827,"Decentralization",100259,"decentralization"
20207827,"Bitcoin",139517,"bitcoin"
20207827,"Digital Currency",143713,"digital-currency"
20207827,"Cryptocurrency",191791,"cryptocurrency"
20207827,"Decentralized Systems",1461892,"decentralized-systems"
20207827,"Smart Property",1471962,"smart-property"
20207827,"Smart Contracts",1471982,"smart-contracts"
20207827,"Ethereum",1471992,"ethereum"
20207827,"Bitcoin Security",1483532,"bitcoin-security"
20207827,"Blockchain",1493232,"blockchain"
12732622,"Open Source",563,"opensource"
12732622,"C/C++",1327,"c"
12732622,"Programming Languages",17628,"programming-languages"
12732622,"Computer programming",48471,"computer-programming"
12732622,"Software Architecture",56473,"software-architecture"
4107992,"Hadoop",18060,"hadoop"
4107992,"Big Data",18062,"big-data"
4107992,"Data Analytics",30928,"data-analytics"
4107992,"Data Visualization",37381,"data-visualization"
4107992,"Predictive Analytics",38458,"predictive-analytics"
4107992,"Data Mining",55324,"data-mining"
4107992,"NoSQL",58162,"nosql"
4107992,"Hive",61679,"hive"
4107992,"Internet of Things",79740,"internet-of-things"
4107992,"Real Time Analytics",87938,"real-time-analytics"
4107992,"Project R",98379,"project-r"
4107992,"Big Data Analytics",383411,"big-data-analytics"
4107992,"Artificial Intelligence Machine Learning Robotics",1448582,"artificial-intelligence-machine-learning-robotics"
4107992,"Apache Spark",1471442,"apache-spark"
4107992,"Apache Flink",1505717,"apache-flink"
10967262,"Open Source",563,"opensource"
10967262,"Software Development",3833,"softwaredev"
10967262,"Business Intelligence",10538,"businessintell"
10967262,"Big Data",18062,"big-data"
10967262,"Reporting",25551,"reporting"
10967262,"NoSQL",58162,"nosql"
10967262,"OLAP",60831,"olap"
10967262,"ETL",126345,"etl"
10967262,"Pentaho",162018,"pentaho"
10967262,"Data Warehousing",393271,"data-warehousing"
10967262,"Business Intelligence Data Warehousing",579452,"business-intelligence-data-warehousing"
19767519,"Open Source",563,"opensource"
19767519,"Cloud Computing",15167,"cloud-computing"
19767519,"Big Data",18062,"big-data"
19767519,"DevOps",87614,"devops"
19767519,"Docker",1454542,"docker"
19767519,"Apache Spark",1471442,"apache-spark"
19767519,"apache mesos",1486592,"apache-mesos"
19767519,"Kubernetes",1500742,"kubernetes"
19767519,"Containers",1504752,"containers"
22798050,"PHP",455,"php"
22798050,"Open Source",563,"opensource"
22798050,"Web Design",659,"webdesign"
22798050,"Software Development",3833,"softwaredev"
22798050,"New Technology",9696,"newtech"
22798050,"Web Technology",10209,"web"
22798050,"Web Development",15582,"web-development"
22798050,"Big Data",18062,"big-data"
22798050,"CMS (Content Management Systems)",28990,"cms"
22798050,"SaaS (Software as a Service)",33089,"saas-software-as-a-service"
22798050,"Computer programming",48471,"computer-programming"
18978533,"Database Professionals",1245,"databasepro"
18978533,"NoSQL",58162,"nosql"
18978533,"HBase",61680,"hbase"
18978533,"Redis",77379,"redis"
18978533,"Cassandra",77842,"cassandra"
18978533,"Riak",112355,"riak"
18978533,"MongoDB",121802,"mongodb"
18978533,"Neo4j",179941,"neo4j"
18978533,"Elasticsearch",1058992,"elasticsearch"
18978533,"Couchbase",1162662,"couchbase"
18978533,"OrientDB",1489512,"orientdb"
18978533,"ArangoDB",1509668,"arangodb"
18250983,"Open Source",563,"opensource"
18250983,"Software Development",3833,"softwaredev"
18250983,"JavaScript",7029,"javascript"
18250983,"Web Development",15582,"web-development"
18250983,"Mobile Technology",16216,"mobile-technology"
18250983,"Android Development",20346,"android-developers"
18250983,"Mobile Development",21441,"mobile-development"
18250983,"Computer programming",48471,"computer-programming"
18250983,"HTML5",78565,"html5"
18250983,"JavaScript Frameworks",85951,"javascript-frameworks"
18250983,"iOS Development",127567,"ios-development"
18250983,"JavaScript Applications",964072,"javascript-applications"
22586094,"Open Source",563,"opensource"
22586094,"New Technology",9696,"newtech"
22586094,"Big Data",18062,"big-data"
22586094,"Machine Learning",29971,"machine-learning"
22586094,"Data Analytics",30928,"data-analytics"
22586094,"Data Visualization",37381,"data-visualization"
22586094,"Predictive Analytics",38458,"predictive-analytics"
22586094,"Open Data",60043,"open-data"
22586094,"Data Science",102811,"data-science"
22586094,"Big Data Analytics",383411,"big-data-analytics"
22586094,"Data",480642,"data"
22586094,"Periodismo de datos",1438592,"periodismo-de-datos"
22600431,"Open Source",563,"opensource"
22600431,"Database Professionals",1245,"databasepro"
22600431,"Hadoop",18060,"hadoop"
22600431,"Big Data",18062,"big-data"
22600431,"MapReduce",27591,"mapreduce"
22600431,"Data Analytics",30928,"data-analytics"
22600431,"Data Visualization",37381,"data-visualization"
22600431,"Data Mining",55324,"data-mining"
22600431,"Open Data",60043,"open-data"
22600431,"Data Science",102811,"data-science"
22600431,"Concurrent Programming",107751,"concurrent-programming"
22600431,"Distributed Systems",113032,"distributed-systems"
22600431,"Big Data Analytics",383411,"big-data-analytics"
22600431,"Data",480642,"data"
22600431,"Big Data Developers",1482272,"big-data-developers"
18696436,"New Technology",9696,"newtech"
18696436,"Salesforce.com",10464,"salesforce"
18696436,"Cloud Computing",15167,"cloud-computing"
18696436,"SaaS (Software as a Service)",33089,"saas-software-as-a-service"
18696436,"Apex",37581,"apex"
18696436,"Heroku",60569,"heroku"
18696436,"Force.com",164165,"force-com"
18696436,"Salesforce.com Users",605252,"salesforce-com-users"
18696436,"Visualforce",906592,"visualforce"
18696436,"Salesforce.com CRM",997092,"salesforce-com-crm"
19734270,"Database Professionals",1245,"databasepro"
19734270,"SQL Server",7463,"sqlserver"
19734270,"Cloud Computing",15167,"cloud-computing"
19734270,"Big Data",18062,"big-data"
19734270,"Database Development",21506,"database-development"
19734270,"Data Analytics",30928,"data-analytics"
19734270,"Data Mining",55324,"data-mining"
19734270,"DBA",84069,"dba"
19734270,"Microsoft Technology",99537,"microsoft-technology"
19734270,"SQL Server Azure",150163,"sql-server-azure"
19734270,"Business Intelligence Data Warehousing",579452,"business-intelligence-data-warehousing"
19734270,"High Availability",1454872,"high-availability"
19734270,"PowerBI",1507755,"powerbi"
18705877,"Open Source",563,"opensource"
18705877,"GIS",4346,"gis"
18705877,"Geography",6955,"geography"
18705877,"Mapping",10842,"mapping"
18705877,"Cartography",18252,"cartography"
18705877,"Geospatial",27142,"geospatial"
18705877,"Data Visualization",37381,"data-visualization"
18705877,"OpenStreetMap",40968,"openstreetmap"
18705877,"Open Data",60043,"open-data"
18705877,"Geolocation",78867,"geolocation"
18705877,"Data Science",102811,"data-science"
18705877,"Spatial Data",117260,"spatial-data"
18705877,"Geographic Information Systems: GIS",117262,"geographic-information-systems-gis"
18705877,"Maps",131188,"maps"
18705877,"Web mapping",451692,"web-mapping"
19127043,"Open Source",563,"opensource"
19127043,"New Technology",9696,"newtech"
19127043,"Mobile Technology",16216,"mobile-technology"
19127043,"Android Development",20346,"android-developers"
19127043,"Mobile Development",21441,"mobile-development"
19127043,"JavaScript Frameworks",85951,"javascript-frameworks"
19127043,"iOS Development",127567,"ios-development"
19681031,"Open Source",563,"opensource"
19681031,"Python",1064,"python"
19681031,"Self-Improvement",3336,"self-improvement"
19681031,"Software Development",3833,"softwaredev"
19681031,"Web Development",15582,"web-development"
19681031,"Mobile Technology",16216,"mobile-technology"
19681031,"Personal Development",16468,"personal-development"
19681031,"Android",19724,"android"
19681031,"Android Development",20346,"android-developers"
19681031,"Self-Empowerment",38757,"self-empowerment"
19681031,"Computer programming",48471,"computer-programming"
19681031,"Data Science",102811,"data-science"
19681031,"iOS Development",127567,"ios-development"
19681031,"Data Science using Python",1481522,"data-science-using-python"
23041802,"Open Source",563,"opensource"
23041802,"Robotics",682,"robotics"
23041802,"Education & Technology",7203,"edtech"
23041802,"Hacking",21123,"hacking"
23041802,"Arduino",39012,"arduino"
23041802,"Raspberry Pi",1216152,"raspberry-pi"
23041802,"Arduino / Raspberry Pi / Microcontrollers",1510459,"arduino-raspberry-pi-microcontrollers"
23041802,"Raspberry Pi & Computer Programming",1511337,"raspberry-pi-computer-programming"
20431629,"Software Development",3833,"softwaredev"
20431629,"New Technology",9696,"newtech"
20431629,"Mobile Technology",16216,"mobile-technology"
20431629,"Big Data",18062,"big-data"
20431629,"Data Analytics",30928,"data-analytics"
20431629,"Computer programming",48471,"computer-programming"
20431629,"Mobility",124602,"mobility"
20431629,"hackathons",1022382,"hackathons"
20233489,"Artificial Intelligence",456,"ai"
20233489,"Innovation",1954,"innovation"
20233489,"Software Development",3833,"softwaredev"
20233489,"Web Technology",10209,"web"
20233489,"Big Data",18062,"big-data"
20233489,"Mobile Development",21441,"mobile-development"
20233489,"Computer programming",48471,"computer-programming"
20233489,"APIs",80749,"apis"
20233489,"Artificial Intelligence Applications",90163,"artificial-intelligence-applications"
20233489,"IOT hacking",796962,"iot-hacking"
20233489,"Smart Contracts",1471982,"smart-contracts"
20233489,"Blockchain",1493232,"blockchain"
13810962,"Open Source",563,"opensource"
13810962,"Web Design",659,"webdesign"
13810962,"Python",1064,"python"
13810962,"CSS",1973,"css"
13810962,"Software Development",3833,"softwaredev"
13810962,"JavaScript",7029,"javascript"
13810962,"New Technology",9696,"newtech"
13810962,"Web Technology",10209,"web"
13810962,"Django",10553,"django"
13810962,"Web Development",15582,"web-development"
13810962,"Programming Languages",17628,"programming-languages"
13810962,"Entrepreneurship",19882,"entrepreneurship"
13810962,"Mobile Development",21441,"mobile-development"
13810962,"Computer programming",48471,"computer-programming"
13810962,"HTML5",78565,"html5"
13310742,"Open Source",563,"opensource"
13310742,"Python",1064,"python"
13310742,"Software Development",3833,"softwaredev"
13310742,"Web Technology",10209,"web"
13310742,"Django",10553,"django"
13310742,"Programming Languages",17628,"programming-languages"
13310742,"Data Analytics",30928,"data-analytics"
13310742,"Data Visualization",37381,"data-visualization"
13310742,"Computer programming",48471,"computer-programming"
13310742,"Data Science",102811,"data-science"
13310742,"Scientific Computing",135136,"scientific-computing"
13310742,"Python Web Development",917242,"python-web-development"
13310742,"Data Science using Python",1481522,"data-science-using-python"
23665943,"Open Source",563,"opensource"
23665943,"Web Design",659,"webdesign"
23665943,"JavaScript",7029,"javascript"
23665943,"Education & Technology",7203,"edtech"
23665943,"New Technology",9696,"newtech"
23665943,"Web Technology",10209,"web"
23665943,"Web Development",15582,"web-development"
23665943,"Learning",18296,"learning"
23665943,"Courses and Workshops",20629,"courses-and-workshops"
23665943,"Computer programming",48471,"computer-programming"
23665943,"HTML",53518,"html"
23665943,"Knowledge Sharing",65780,"knowledge-sharing"
23665943,"HTML 5/CSS3",601332,"html-5-css3"
19147545,"Business Intelligence",10538,"businessintell"
19147545,"Big Data",18062,"big-data"
19147545,"Machine Learning",29971,"machine-learning"
19147545,"Data Analytics",30928,"data-analytics"
19147545,"Predictive Analytics",38458,"predictive-analytics"
19147545,"Business Analytics",98842,"business-analytics"
19147545,"Data Science",102811,"data-science"
19147545,"Big Data Analytics",383411,"big-data-analytics"
13640992,"Open Source",563,"opensource"
13640992,"Web Design",659,"webdesign"
13640992,"Software Development",3833,"softwaredev"
13640992,"New Technology",9696,"newtech"
13640992,"Internet Professionals",10102,"internetpro"
13640992,"Web Technology",10209,"web"
13640992,"Technology",10579,"technology"
13640992,"Web Development",15582,"web-development"
13640992,"Mobile Technology",16216,"mobile-technology"
13640992,"Entrepreneurship",19882,"entrepreneurship"
13640992,"Android Development",20346,"android-developers"
13640992,"Mobile Development",21441,"mobile-development"
13640992,"Computer programming",48471,"computer-programming"
13640992,"iOS Development",127567,"ios-development"
19986209,"Open Source",563,"opensource"
19986209,"Software Development",3833,"softwaredev"
19986209,"Cloud Computing",15167,"cloud-computing"
19986209,"Big Data",18062,"big-data"
19986209,"Virtualization",20479,"virtualization"
19986209,"High Scalability Computing",24410,"high-scalability-computing"
19986209,"PaaS (Platform as a Service)",31197,"paas"
19986209,"SaaS (Software as a Service)",33089,"saas-software-as-a-service"
19986209,"Lean Startup",38660,"lean-startup"
19986209,"Computer programming",48471,"computer-programming"
19986209,"DevOps",87614,"devops"
19986209,"IaaS (Infrastructure as a Service)",107633,"iaas-infrastructure-as-a-service"
18557220,"Linux",188,"linux"
18557220,"PHP",455,"php"
18557220,"Open Source",563,"opensource"
18557220,"Web Design",659,"webdesign"
18557220,"CSS",1973,"css"
18557220,"System Administration",2109,"sysadmin"
18557220,"Software Development",3833,"softwaredev"
18557220,"New Technology",9696,"newtech"
18557220,"Internet Professionals",10102,"internetpro"
18557220,"Cloud Computing",15167,"cloud-computing"
18557220,"Programming Languages",17628,"programming-languages"
18557220,"Learning",18296,"learning"
18557220,"Computer programming",48471,"computer-programming"
18557220,"HTML5",78565,"html5"
18557220,"Debate",833952,"debates"
18960679,"Open Source",563,"opensource"
18960679,"Decentralization",100259,"decentralization"
18960679,"Bitcoin",139517,"bitcoin"
18960679,"Digital Currency",143713,"digital-currency"
18960679,"Cryptocurrency",191791,"cryptocurrency"
18960679,"Open Source Hardware",403852,"open-source-hardware"
18960679,"Decentralized Systems",1461892,"decentralized-systems"
18960679,"Smart Property",1471962,"smart-property"
18960679,"Smart Contracts",1471982,"smart-contracts"
18960679,"Ethereum",1471992,"ethereum"
18960679,"Blockchain",1493232,"blockchain"
18960679,"Decentralized Autonomous Organizations (DAOs)",1505208,"decentralized-autonomous-organizations-daos"
18960679,"Decentralized Applications",1505714,"decentralized-applications"
23004456,"Open Source",563,"opensource"
23004456,"Innovation",1954,"innovation"
23004456,"Software Development",3833,"softwaredev"
23004456,"New Technology",9696,"newtech"
23004456,"Startup Businesses",21681,"startup-businesses"
23004456,"Computer programming",48471,"computer-programming"
23004456,"Internet of Things",79740,"internet-of-things"
23004456,"Smart Sensors",871222,"smart-sensors"
23004456,"M2M",1260942,"m2m"
23004456,"Networking for IOT",1509206,"networking-for-iot"
23004456,"IoT Security",1509722,"iot-security"
23004456,"IoT Clouod",1510096,"iot-clouod"
23004456,"Industrial IoT",1512175,"industrial-iot"
23004456,"IOT Industrial Internet of Things",1512316,"iot-industrial-internet-of-things"
18759977,"Data Management",10494,"datamanagement"
18759977,"Data Analytics",30928,"data-analytics"
18759977,"Data Visualization",37381,"data-visualization"
18759977,"Data Mining",55324,"data-mining"
18759977,"Data Science",102811,"data-science"
18759977,"Big Data Analytics",383411,"big-data-analytics"
7770922,"Open Source",563,"opensource"
7770922,"Software Development",3833,"softwaredev"
7770922,"New Technology",9696,"newtech"
7770922,"Cloud Computing",15167,"cloud-computing"
7770922,"Big Data",18062,"big-data"
7770922,"Data Analytics",30928,"data-analytics"
7770922,"Data Visualization",37381,"data-visualization"
7770922,"Computer programming",48471,"computer-programming"
7770922,"Data Mining",55324,"data-mining"
7770922,"IBM",71289,"ibm"
7770922,"BigDataDevelopers",1482432,"bigdatadevelopers"
19840299,"Database Professionals",1245,"databasepro"
19840299,"Software Development",3833,"softwaredev"
19840299,"SQL Server",7463,"sqlserver"
19840299,"Database Development",21506,"database-development"
19840299,"Excel",74802,"excel"
19840299,"Microsoft Access",88260,"microsoft-access"
19840299,"Spreadsheets",332211,"spreadsheets"
19840299,"Excellent Business Networking oportunity",577182,"excellent-business-networking-oportunity"
7322412,"Open Source",563,"opensource"
7322412,"JavaScript",7029,"javascript"
7322412,"JavaScript Libraries",56555,"javascript-libraries"
7322412,"JavaScript Frameworks",85951,"javascript-frameworks"
7322412,"nodeJS",101960,"nodejs"
7322412,"AngularJS",939612,"angularjs"
22417533,"Open Source",563,"opensource"
22417533,"Web Design",659,"webdesign"
22417533,"Software Development",3833,"softwaredev"
22417533,"New Technology",9696,"newtech"
22417533,"Web Technology",10209,"web"
22417533,"Technology",10579,"technology"
22417533,"Web Development",15582,"web-development"
22417533,"Personal Development",16468,"personal-development"
22417533,"Mobile Development",21441,"mobile-development"
22417533,"Continuous Integration",27922,"continuous-integration"
22417533,"Computer programming",48471,"computer-programming"
22417533,"DevOps",87614,"devops"
22417533,"Continuous Delivery",166000,"continuous-delivery"
22417533,"Continuous Deployment",230351,"continuous-deployment"
22417533,"Docker",1454542,"docker"
19826481,"Cloud Computing",15167,"cloud-computing"
19826481,"Hadoop",18060,"hadoop"
19826481,"Big Data",18062,"big-data"
19826481,"Data Analytics",30928,"data-analytics"
19826481,"Data Visualization",37381,"data-visualization"
19826481,"Predictive Analytics",38458,"predictive-analytics"
19826481,"NoSQL",58162,"nosql"
19826481,"Big Data Analytics",383411,"big-data-analytics"
19826481,"Apache Spark",1471442,"apache-spark"
19986227,"Cisco Systems",10120,"ciscosystems"
19986227,"Cloud Computing",15167,"cloud-computing"
19986227,"Virtualization",20479,"virtualization"
19986227,"PaaS (Platform as a Service)",31197,"paas"
19986227,"SaaS (Software as a Service)",33089,"saas-software-as-a-service"
19986227,"Operations and Data Center Management",46817,"operations-and-data-center-management"
19986227,"Data Center and Operations Automation",46831,"data-center-and-operations-automation"
19986227,"Data Center Networking and Design",65735,"data-center-networking-and-design"
19986227,"DevOps",87614,"devops"
19986227,"IaaS (Infrastructure as a Service)",107633,"iaas-infrastructure-as-a-service"
19986227,"OpenStack",142180,"openstack"
18448185,"Education & Technology",7203,"edtech"
18448185,"Big Data",18062,"big-data"
18448185,"Machine Learning",29971,"machine-learning"
18448185,"Data Analytics",30928,"data-analytics"
18448185,"Data Visualization",37381,"data-visualization"
18448185,"Predictive Analytics",38458,"predictive-analytics"
18448185,"Data Mining",55324,"data-mining"
18448185,"R Project for Statistical Computing",98380,"r-project-for-statistical-computing"
18448185,"Business Analytics",98842,"business-analytics"
18448185,"Data Science",102811,"data-science"
18448185,"Programming in R",115768,"programming-in-r"
18448185,"Applied Statistics",115913,"applied-statistics"
18448185,"Big Data Analytics",383411,"big-data-analytics"
21296443,"Data Analytics",30928,"data-analytics"
21296443,"Predictive Analytics",38458,"predictive-analytics"
21296443,"Business Analytics",98842,"business-analytics"
21296443,"Big Data Analytics",383411,"big-data-analytics"
21296443,"Customer Analytics",1013772,"customer-analytics"
17374012,"Open Source",563,"opensource"
17374012,"Cloud Computing",15167,"cloud-computing"
17374012,"Open Data",60043,"open-data"
17374012,"Dev Ops",257541,"dev-ops"
17374012,"Open Source Hardware",403852,"open-source-hardware"
17374012,"Cloud Infrastructure",793352,"cloud-infrastructure"
18412861,"EC2",15166,"ec2"
18412861,"Cloud Computing",15167,"cloud-computing"
18412861,"Web Development",15582,"web-development"
18412861,"Amazon Web Services",20398,"amazon-web-services"
18412861,"High Scalability Computing",24410,"high-scalability-computing"
18412861,"Amazon",57424,"amazon"
18412861,"IaaS (Infrastructure as a Service)",107633,"iaas-infrastructure-as-a-service"
18412861,"AWS Programming and Tools",1237482,"aws-programming-and-tools"
20106046,"Business Intelligence",10538,"businessintell"
20106046,"Big Data",18062,"big-data"
20106046,"Data Analytics",30928,"data-analytics"
20106046,"Data Visualization",37381,"data-visualization"
20106046,"Operations and Data Center Management",46817,"operations-and-data-center-management"
20106046,"Data Mining",55324,"data-mining"
20106046,"Monitoring",84070,"monitoring"
20106046,"Application Performance Management",697082,"application-performance-management"
20106046,"Splunk",700652,"splunk"
20106046,"Logfile Management",743892,"logfile-management"
20106046,"Operational Intelligence",1466902,"operational-intelligence"
22500159,"Open Source",563,"opensource"
22500159,"Web Design",659,"webdesign"
22500159,"Software Development",3833,"softwaredev"
22500159,"JavaScript",7029,"javascript"
22500159,"New Technology",9696,"newtech"
22500159,"Web Technology",10209,"web"
22500159,"Web Development",15582,"web-development"
22500159,"Programming Languages",17628,"programming-languages"
22500159,"Webinars",29674,"webinars"
22500159,"Computer programming",48471,"computer-programming"
22500159,"HTML",53518,"html"
22500159,"HTML5",78565,"html5"
22500159,"Technology Startups",108403,"technology-startups"
22500159,"Coders",315331,"coders"
22500159,"Open Source Frameworks",999172,"open-source-frameworks"
8981312,"MySQL",789,"mysql"
8981312,"Database Professionals",1245,"databasepro"
8981312,"LAMP",10164,"lampsoftware"
8981312,"Big Data",18062,"big-data"
8981312,"MySQL Cluster",18269,"mysql-cluster"
8981312,"MySQL Replication",18270,"mysql-replication"
8981312,"Drizzle",19136,"drizzle"
8981312,"Database Development",21506,"database-development"
8981312,"High Scalability Computing",24410,"high-scalability-computing"
8981312,"MariaDB",48721,"mariadb"
8981312,"NoSQL",58162,"nosql"
8981312,"MySQL DBA",71593,"mysql-dba"
23502731,"Linux",188,"linux"
23502731,"Open Source",563,"opensource"
23502731,"System Administration",2109,"sysadmin"
23502731,"White Hat Hacking",10009,"whitehat"
23502731,"Cloud Computing",15167,"cloud-computing"
23502731,"Web Security",15471,"web-security"
23502731,"Hacking",21123,"hacking"
23502731,"Technology Professionals",22203,"technology-professionals"
23502731,"Information Security",32743,"information-security"
23502731,"Ethical Hacker",88141,"ethical-hacker"
23502731,"Cloud Security",110474,"cloud-security"
23502731,"Computer Security",124668,"computer-security"
23502731,"Tecnologías de la información",137468,"tecnologias-de-la-informacion"
23502731,"Cybersecurity",152026,"cybersecurity"
23502731,"seguridad",1168252,"seguridad"
16240452,"Cloud Computing",15167,"cloud-computing"
16240452,"Text Analytics",29972,"text-analytics"
16240452,"Data Analytics",30928,"data-analytics"
16240452,"NoSQL",58162,"nosql"
16240452,"Solr",77841,"solr"
16240452,"Clustering",584912,"clustering"
16240452,"Elasticsearch",1058992,"elasticsearch"
16240452,"Apache Storm",1481542,"apache-storm"
16240452,"Apache Lucene",1498302,"apache-lucene"
20737355,"Open Source",563,"opensource"
20737355,"Self-Improvement",3336,"self-improvement"
20737355,"Software Development",3833,"softwaredev"
20737355,"JavaScript",7029,"javascript"
20737355,"Education & Technology",7203,"edtech"
20737355,"New Technology",9696,"newtech"
20737355,"Internet Professionals",10102,"internetpro"
20737355,"Web Development",15582,"web-development"
20737355,"Professional Networking",15720,"professional-networking"
20737355,"Mobile Development",21441,"mobile-development"
20737355,"Computer programming",48471,"computer-programming"
20737355,"Knowledge Sharing",65780,"knowledge-sharing"
20737355,"JavaScript Frameworks",85951,"javascript-frameworks"
20737355,"Front-end Development",100479,"front-end-development"
17044962,"Business Intelligence",10538,"businessintell"
17044962,"Hadoop",18060,"hadoop"
17044962,"Big Data",18062,"big-data"
17044962,"Amazon Web Services",20398,"amazon-web-services"
17044962,"Machine Learning",29971,"machine-learning"
17044962,"Data Analytics",30928,"data-analytics"
17044962,"Predictive Analytics",38458,"predictive-analytics"
17044962,"NoSQL",58162,"nosql"
17044962,"HBase",61680,"hbase"
17044962,"Cassandra",77842,"cassandra"
17044962,"MongoDB",121802,"mongodb"
17044962,"Big Data Analytics",383411,"big-data-analytics"
18244433,"Database Professionals",1245,"databasepro"
18244433,"Software Development",3833,"softwaredev"
18244433,"Big Data",18062,"big-data"
18244433,"Computer Science",21751,"computer-science"
18244433,"Functional Programming",22792,"functional-programming"
18244433,"Data Visualization",37381,"data-visualization"
18244433,"Computer programming",48471,"computer-programming"
18244433,"Data Mining",55324,"data-mining"
18244433,"NoSQL",58162,"nosql"
18244433,"Internet of Things",79740,"internet-of-things"
18244433,"Data Science",102811,"data-science"
18244433,"Big Data Analytics",383411,"big-data-analytics"
18244433,"NewSQL",698892,"newsql"
18244433,"kdb+",1503702,"kdb"
18244433,"Kx",1503736,"kx"
8271702,"Web Design",659,"webdesign"
8271702,"Software Development",3833,"softwaredev"
8271702,"Cloud Computing",15167,"cloud-computing"
8271702,"Web Development",15582,"web-development"
8271702,"Mobile Development",21441,"mobile-development"
8271702,"SaaS (Software as a Service)",33089,"saas-software-as-a-service"
8271702,"Application Development",36167,"application-development"
8271702,"APIs",80749,"apis"
8271702,"Web Services",99927,"web-services"
8271702,"Cloud Storage APIs",683142,"cloud-storage-apis"
8271702,"Web API Design",917302,"web-api-design"
8271702,"Startup API",1180422,"startup-api"
8271702,"Application Programming Interface",1345202,"application-programming-interface"
13941592,"PHP",455,"php"
13941592,"Open Source",563,"opensource"
13941592,"Web Design",659,"webdesign"
13941592,"E-Business Owners",1330,"ebizowners"
13941592,"Software Development",3833,"softwaredev"
13941592,"Web Development",15582,"web-development"
13941592,"Online Marketing",15585,"online-marketing"
13941592,"E-Commerce",27954,"internet-ecommerce"
13941592,"Computer programming",48471,"computer-programming"
13941592,"Emprendedores",66402,"emprendedores"
13941592,"Comercio electrónico",1416142,"comercio-electronico"
19139420,"Java",189,"java"
19139420,"Open Source",563,"opensource"
19139420,"Web Development",15582,"web-development"
19139420,"Programming Languages",17628,"programming-languages"
19139420,"Groovy",20126,"groovy"
19139420,"Functional Programming",22792,"functional-programming"
19139420,"Spring",40786,"spring"
19139420,"Spring Framework",50224,"spring-framework"
19139420,"Spring Boot",1507449,"spring-boot"
19139420,"Spring Cloud",1507450,"spring-cloud"
18458973,"Software Development",3833,"softwaredev"
18458973,"Salesforce.com",10464,"salesforce"
18458973,"Cloud Computing",15167,"cloud-computing"
18458973,"PaaS (Platform as a Service)",31197,"paas"
18458973,"Apex",37581,"apex"
18458973,"Computer programming",48471,"computer-programming"
18458973,"Heroku",60569,"heroku"
18458973,"Force.com",164165,"force-com"
18458973,"Visualforce",906592,"visualforce"
23485287,"Open Source",563,"opensource"
23485287,"Innovation",1954,"innovation"
23485287,"Software Development",3833,"softwaredev"
23485287,"Professional Development",3880,"prodev"
23485287,"Education & Technology",7203,"edtech"
23485287,"Education",8476,"education"
23485287,"New Technology",9696,"newtech"
23485287,"Web Technology",10209,"web"
23485287,"Big Data",18062,"big-data"
23485287,"Courses and Workshops",20629,"courses-and-workshops"
23485287,"Data Analytics",30928,"data-analytics"
23485287,"Lean Startup",38660,"lean-startup"
23485287,"Computer programming",48471,"computer-programming"
23485287,"Knowledge Sharing",65780,"knowledge-sharing"
23485287,"Technology Startups",108403,"technology-startups"
21276009,"Innovation",1954,"innovation"
21276009,"Freelance",9876,"freelance"
21276009,"Web Technology",10209,"web"
21276009,"Business Strategy",17635,"business-strategy"
21276009,"Big Data",18062,"big-data"
21276009,"Collaboration between Creative Minds",29526,"collaboration-between-creative-minds"
21276009,"Makers",43887,"makers"
21276009,"Technology Startups",108403,"technology-startups"
19675879,"PHP",455,"php"
19675879,"Open Source",563,"opensource"
19675879,"Web Design",659,"webdesign"
19675879,"Web Technology",10209,"web"
19675879,"Web Development",15582,"web-development"
19675879,"Joomla",16242,"joomla"
19675879,"CMS (Content Management Systems)",28990,"cms"
19675879,"Open Source Content Management",37062,"open-source-content-management"
19675879,"HTML5",78565,"html5"
18517868,"Open Source",563,"opensource"
18517868,"Database Professionals",1245,"databasepro"
18517868,"Big Data",18062,"big-data"
18517868,"Database Development",21506,"database-development"
18517868,"Functional Programming",22792,"functional-programming"
18517868,"Erlang Programming",46514,"erlang-programming"
18517868,"NoSQL",58162,"nosql"
18517868,"Riak",112355,"riak"
18517868,"Distributed Systems",113032,"distributed-systems"
18517868,"Distributed Programming",289971,"distributed-programming"
18517868,"distributed computing",586642,"distributed-computing"
17920402,"Linux",188,"linux"
17920402,"Open Source",563,"opensource"
17920402,"System Administration",2109,"sysadmin"
17920402,"Cloud Computing",15167,"cloud-computing"
17920402,"Virtualization",20479,"virtualization"
17920402,"Continuous Integration",27922,"continuous-integration"
17920402,"Configuration Management",46810,"configuration-management"
17920402,"Data Center and Operations Automation",46831,"data-center-and-operations-automation"
17920402,"DevOps",87614,"devops"
17920402,"Infrastructure as Code",126177,"infrastructure-as-code"
17920402,"OpenStack",142180,"openstack"
17920402,"IT Professionals",164111,"it-professionals"
17920402,"Continuous Delivery",166000,"continuous-delivery"
17920402,"Ansible",1434182,"ansible"
17920402,"Docker",1454542,"docker"
20626798,"Artificial Intelligence",456,"ai"
20626798,"Innovation",1954,"innovation"
20626798,"Software Development",3833,"softwaredev"
20626798,"Big Data",18062,"big-data"
20626798,"Hacker News",62285,"hacker-news"
20626798,"HacksHackers",90489,"hackshackers"
20626798,"Makerspaces",101438,"makerspaces"
20626798,"Data Science",102811,"data-science"
20626798,"Technology Startups",108403,"technology-startups"
20626798,"UI/UX design",917292,"ui-ux-design"
17808752,"Open Source",563,"opensource"
17808752,"Innovation",1954,"innovation"
17808752,"Software Development",3833,"softwaredev"
17808752,"New Technology",9696,"newtech"
17808752,"Business Intelligence",10538,"businessintell"
17808752,"Hadoop",18060,"hadoop"
17808752,"Big Data",18062,"big-data"
17808752,"Business Technology",20971,"business-technology"
17808752,"Data Analytics",30928,"data-analytics"
17808752,"Predictive Analytics",38458,"predictive-analytics"
17808752,"Computer programming",48471,"computer-programming"
17808752,"APIs",80749,"apis"
19445395,"Open Source",563,"opensource"
19445395,"Education & Technology",7203,"edtech"
19445395,"Cloud Computing",15167,"cloud-computing"
19445395,"Virtual Networking",58114,"virtual-networking"
19445395,"SDN",1417742,"sdn"
19445395,"OpenDaylight",1446912,"opendaylight"
12133182,"Linux",188,"linux"
12133182,"Open Source",563,"opensource"
12133182,"Python",1064,"python"
12133182,"System Administration",2109,"sysadmin"
12133182,"Software Development",3833,"softwaredev"
12133182,"New Technology",9696,"newtech"
12133182,"Cloud Computing",15167,"cloud-computing"
12133182,"Big Data",18062,"big-data"
12133182,"Virtualization",20479,"virtualization"
12133182,"PaaS (Platform as a Service)",31197,"paas"
12133182,"SaaS (Software as a Service)",33089,"saas-software-as-a-service"
12133182,"Data Center and Operations Automation",46831,"data-center-and-operations-automation"
12133182,"DevOps",87614,"devops"
12133182,"IaaS (Infrastructure as a Service)",107633,"iaas-infrastructure-as-a-service"
12133182,"OpenStack",142180,"openstack"
3058042,"Java",189,"java"
3058042,"Open Source",563,"opensource"
3058042,"Big Data",18062,"big-data"
3058042,"Computer programming",48471,"computer-programming"
3058042,"Neo4j",179941,"neo4j"
22328699,"Artificial Intelligence",456,"ai"
22328699,"Open Source",563,"opensource"
22328699,"Software Development",3833,"softwaredev"
22328699,"Web Technology",10209,"web"
22328699,"Cloud Computing",15167,"cloud-computing"
22328699,"Hadoop",18060,"hadoop"
22328699,"Big Data",18062,"big-data"
22328699,"Machine Learning",29971,"machine-learning"
22328699,"Data Analytics",30928,"data-analytics"
22328699,"Data Visualization",37381,"data-visualization"
22328699,"Predictive Analytics",38458,"predictive-analytics"
22328699,"Data Science",102811,"data-science"
22328699,"Big Data Analytics",383411,"big-data-analytics"
22328699,"Deep Learning",1456952,"deep-learning"
22328699,"H2O",1493682,"h2o"
22744958,"Open Source",563,"opensource"
22744958,"Business Intelligence",10538,"businessintell"
22744958,"Cloud Computing",15167,"cloud-computing"
22744958,"Hadoop",18060,"hadoop"
22744958,"Big Data",18062,"big-data"
22744958,"Machine Learning",29971,"machine-learning"
22744958,"Data Analytics",30928,"data-analytics"
22744958,"SQL",33167,"sql"
22744958,"Data Visualization",37381,"data-visualization"
22744958,"Predictive Analytics",38458,"predictive-analytics"
22744958,"Data Mining",55324,"data-mining"
22744958,"NoSQL",58162,"nosql"
22744958,"Data Science",102811,"data-science"
22744958,"Big Data Analytics",383411,"big-data-analytics"
22744958,"Apache Spark",1471442,"apache-spark"
22664341,"Open Source",563,"opensource"
22664341,"Web Design",659,"webdesign"
22664341,"GIS",4346,"gis"
22664341,"Geography",6955,"geography"
22664341,"Web Technology",10209,"web"
22664341,"Mapping",10842,"mapping"
22664341,"Cartography",18252,"cartography"
22664341,"Geospatial",27142,"geospatial"
22664341,"OpenStreetMap",40968,"openstreetmap"
22664341,"Geolocation",78867,"geolocation"
22664341,"Spatial Data",117260,"spatial-data"
22664341,"Geographic Information Systems: GIS",117262,"geographic-information-systems-gis"
22664341,"Maps",131188,"maps"
22664341,"Web mapping",451692,"web-mapping"
19197248,"Linux",188,"linux"
19197248,"Open Source",563,"opensource"
19197248,"Software Development",3833,"softwaredev"
19197248,"Ubuntu",16739,"ubuntu"
19197248,"Collaboration",21067,"collaboration"
19197248,"GNU/linux",106559,"gnu-linux"
19197248,"Ubuntu Linux",1383932,"ubuntu-linux"
14368132,"Open Source",563,"opensource"
14368132,"Web Design",659,"webdesign"
14368132,"JavaScript",7029,"javascript"
14368132,"Web Technology",10209,"web"
14368132,"Web Development",15582,"web-development"
14368132,"Mobile Development",21441,"mobile-development"
14368132,"Computer programming",48471,"computer-programming"
14368132,"HTML5",78565,"html5"
14368132,"JavaScript Frameworks",85951,"javascript-frameworks"
14368132,"JavaScript Applications",964072,"javascript-applications"
23039365,"Artificial Intelligence",456,"ai"
23039365,"Big Data",18062,"big-data"
23039365,"Natural Language Processing",24553,"natural-language-processing"
23039365,"Machine Learning",29971,"machine-learning"
23039365,"Data Analytics",30928,"data-analytics"
23039365,"Data Visualization",37381,"data-visualization"
23039365,"Predictive Analytics",38458,"predictive-analytics"
23039365,"Data Mining",55324,"data-mining"
23039365,"Artificial Intelligence Applications",90163,"artificial-intelligence-applications"
23039365,"Data Science",102811,"data-science"
23039365,"Big Data Analytics",383411,"big-data-analytics"
23039365,"Deep Learning",1456952,"deep-learning"
19503496,"Java",189,"java"
19503496,"Open Source",563,"opensource"
19503496,"Database Professionals",1245,"databasepro"
19503496,"Software Development",3833,"softwaredev"
19503496,"New Technology",9696,"newtech"
19503496,"Web Development",15582,"web-development"
19503496,"Mobile Technology",16216,"mobile-technology"
19503496,"Android",19724,"android"
19503496,"Android Development",20346,"android-developers"
19503496,"Mobile Development",21441,"mobile-development"
19503496,"High Scalability Computing",24410,"high-scalability-computing"
19503496,"NoSQL",58162,"nosql"
19503496,"iOS",106382,"ios"
19503496,"iOS Development",127567,"ios-development"
19503496,"Couchbase",1162662,"couchbase"
19613066,"Business Intelligence",10538,"businessintell"
19613066,"SEO (Search Engine Optimization)",23199,"seo-search-engine-optimization"
19613066,"Web Analytics",24439,"web-analytics"
19613066,"Data Analytics",30928,"data-analytics"
19613066,"Data Visualization",37381,"data-visualization"
19613066,"Predictive Analytics",38458,"predictive-analytics"
19613066,"Google Analytics",47790,"google-analytics"
19613066,"Data Mining",55324,"data-mining"
19613066,"R Project for Statistical Computing",98380,"r-project-for-statistical-computing"
19613066,"Business Analytics",98842,"business-analytics"
19613066,"Marketing Analytics",110190,"marketing-analytics"
19613066,"Advanced Analytics",158166,"advanced-analytics"
19613066,"SEO/SEM Marketing",785172,"seo-sem-marketing"
19613066,"Google Tag Manager",1489682,"google-tag-manager"
22868375,"Accounting",378,"accounting"
22868375,"Small Business",389,"smallbiz"
22868375,"Project Management",3438,"projectmgmt"
22868375,"Data Management",10494,"datamanagement"
22868375,"Business",10575,"business"
22868375,"Financial Planning",15222,"financial-planning"
22868375,"Financial Education",18341,"financial-education"
22868375,"Entrepreneurship",19882,"entrepreneurship"
22868375,"Courses and Workshops",20629,"courses-and-workshops"
22868375,"Finance",22467,"finance"
22868375,"Women Small Business Owners",23633,"women-small-business-owners"
22868375,"Balance",25420,"balance"
22868375,"Data Analytics",30928,"data-analytics"
22868375,"Emprendedores",66402,"emprendedores"
18911633,"Open Source",563,"opensource"
18911633,"Software Development",3833,"softwaredev"
18911633,"Cloud Computing",15167,"cloud-computing"
18911633,"Web Development",15582,"web-development"
18911633,"Big Data",18062,"big-data"
18911633,"PaaS (Platform as a Service)",31197,"paas"
18911633,"Data Mining",55324,"data-mining"
18911633,"DevOps",87614,"devops"
18911633,"OpenStack",142180,"openstack"
18911633,"Big Data Analytics",383411,"big-data-analytics"
18911633,"Cloud Foundry",514432,"cloud-foundry"
18911633,"Docker",1454542,"docker"
18911633,"IBM Bluemix",1488192,"ibm-bluemix"
18911633,"Cloud Native",1506897,"cloud-native"
20300690,"Artificial Intelligence",456,"ai"
20300690,"Open Source",563,"opensource"
20300690,"Software Development",3833,"softwaredev"
20300690,"Web Development",15582,"web-development"
20300690,"Big Data",18062,"big-data"
20300690,"Agile Project Management",21549,"agile-project-management"
20300690,"Data Analytics",30928,"data-analytics"
20300690,"Predictive Analytics",38458,"predictive-analytics"
20300690,"Computer programming",48471,"computer-programming"
20300690,"Internet of Things",79740,"internet-of-things"
20300690,"APIs",80749,"apis"
20300690,"DevOps",87614,"devops"
20300690,"Deep Learning",1456952,"deep-learning"
20300690,"Ethereum",1471992,"ethereum"
20300690,"Blockchain",1493232,"blockchain"
23721879,"Database Professionals",1245,"databasepro"
23721879,"Business Intelligence",10538,"businessintell"
23721879,"Big Data",18062,"big-data"
23721879,"Business Intelligence Strategy",22620,"business-intelligence-strategy"
23721879,"Data Analytics",30928,"data-analytics"
23721879,"SQL",33167,"sql"
23721879,"Data Visualization",37381,"data-visualization"
23721879,"Predictive Analytics",38458,"predictive-analytics"
23721879,"Qlikview",60832,"qlikview"
23721879,"Data Science",102811,"data-science"
23721879,"Business Intelligence Tools and Technology",148287,"business-intelligence-tools-and-technology"
23721879,"Big Data Analytics",383411,"big-data-analytics"
23721879,"Business Intelligence Data Warehousing",579452,"business-intelligence-data-warehousing"
23721879,"Big Data for social media",1056662,"big-data-for-social-media"
23721879,"Qlik Sense",1505900,"qlik-sense"
18678511,"Open Source",563,"opensource"
18678511,"Business Intelligence",10538,"businessintell"
18678511,"Cloud Computing",15167,"cloud-computing"
18678511,"Hadoop",18060,"hadoop"
18678511,"Big Data",18062,"big-data"
18678511,"MapReduce",27591,"mapreduce"
18678511,"Machine Learning",29971,"machine-learning"
18678511,"Data Analytics",30928,"data-analytics"
18678511,"Data Visualization",37381,"data-visualization"
18678511,"Predictive Analytics",38458,"predictive-analytics"
18678511,"Data Mining",55324,"data-mining"
18678511,"NoSQL",58162,"nosql"
18678511,"Business Analytics",98842,"business-analytics"
18678511,"Data Science",102811,"data-science"
18678511,"Big Data Analytics",383411,"big-data-analytics"
19010972,"JavaScript",7029,"javascript"
19010972,"Web Technology",10209,"web"
19010972,"Web Development",15582,"web-development"
19010972,"Data Analytics",30928,"data-analytics"
19010972,"Data Visualization",37381,"data-visualization"
19010972,"Open Data",60043,"open-data"
19010972,"Information Visualization",67465,"information-visualization"
19010972,"HTML5",78565,"html5"
19010972,"Data Journalism",118765,"data-journalism"
19010972,"d3.js",921262,"d3-js"
19010972,"D3",1393422,"d3"
20638624,"Education & Technology",7203,"edtech"
20638624,"Cloud Computing",15167,"cloud-computing"
20638624,"Web Development",15582,"web-development"
20638624,"Big Data",18062,"big-data"
20638624,"Application Development",36167,"application-development"
20638624,"Computer programming",48471,"computer-programming"
20638624,"Apps",114656,"apps"
20638624,"infrastructure",781312,"infrastructure"
20638624,"Mobile App Development",1068282,"mobile-app-development"
19681698,"Cloud Computing",15167,"cloud-computing"
19681698,"Virtualization",20479,"virtualization"
19681698,"Storage",24120,"storage"
19681698,"High Scalability Computing",24410,"high-scalability-computing"
19681698,"SaaS (Software as a Service)",33089,"saas-software-as-a-service"
19681698,"Private Cloud",88997,"private-cloud"
19681698,"VMware",97776,"vmware"
19681698,"IaaS (Infrastructure as a Service)",107633,"iaas-infrastructure-as-a-service"
19681698,"Cloud Security",110474,"cloud-security"
19681698,"Building private cloud with OpenStack",140254,"building-private-cloud-with-openstack"
19681698,"Using Hadoop in the cloud",140255,"using-hadoop-in-the-cloud"
19681698,"Cloud Computing Security",141165,"cloud-computing-security"
19681698,"OpenStack",142180,"openstack"
19681698,"""Cloud Computing"" How to use it for your business",158625,"cloud-computing-how-to-use-it-for-your-business"
19681698,"Ceph",1477012,"ceph"
19975590,"Artificial Intelligence",456,"ai"
19975590,"Machine Learning",29971,"machine-learning"
19975590,"Predictive Analytics",38458,"predictive-analytics"
19975590,"Artificial Intelligence Machine Learning Robotics",1448582,"artificial-intelligence-machine-learning-robotics"
2301351,"Open Source",563,"opensource"
2301351,"Software Development",3833,"softwaredev"
2301351,"JavaScript",7029,"javascript"
2301351,"Web Technology",10209,"web"
2301351,"Technology",10579,"technology"
2301351,"Web Development",15582,"web-development"
2301351,"Programming Languages",17628,"programming-languages"
2301351,"Functional Programming",22792,"functional-programming"
2301351,"Object Oriented Programming",37917,"object-oriented-programming"
2301351,"Computer programming",48471,"computer-programming"
2301351,"HTML5",78565,"html5"
21014442,"Digital Photography",206,"digcam"
21014442,"Open Source",563,"opensource"
21014442,"Internet Communication Technology",1002,"webcomm"
21014442,"Wikipedia",2103,"wikipedia"
21014442,"Web Technology",10209,"web"
21014442,"Technology",10579,"technology"
21014442,"Culture",20169,"culture"
21014442,"Collaboration",21067,"collaboration"
21014442,"Creativity",36229,"creative"
21014442,"Knowledge Sharing",65780,"knowledge-sharing"
21014442,"Wikimedia",71541,"wikimedia"
21014442,"Madrid",121887,"madrid"
21014442,"free culture",160507,"free-culture"
21014442,"free knowledge",305031,"free-knowledge"
21014442,"free content",940652,"free-content"
20381623,"Open Source",563,"opensource"
20381623,"Women in Technology",10296,"witi"
20381623,"Statistical Computing",15280,"statistical-computing"
20381623,"Women Coders",22076,"women-coders"
20381623,"Machine Learning",29971,"machine-learning"
20381623,"Data Analytics",30928,"data-analytics"
20381623,"Data Visualization",37381,"data-visualization"
20381623,"Women's Networking",43484,"womens-networking"
20381623,"Women Programmers",45181,"women-programmers"
20381623,"Social Coding",90286,"social-coding"
20381623,"R Project for Statistical Computing",98380,"r-project-for-statistical-computing"
20381623,"Data Science",102811,"data-science"
20381623,"Programming in R",115768,"programming-in-r"
20381623,"R Programming Language",1335552,"r-programming-language"
23124724,"Open Source",563,"opensource"
23124724,"Web Design",659,"webdesign"
23124724,"Software Development",3833,"softwaredev"
23124724,"New Technology",9696,"newtech"
23124724,"Web Technology",10209,"web"
23124724,"Cloud Computing",15167,"cloud-computing"
23124724,"Mobile Technology",16216,"mobile-technology"
23124724,"Mobile Development",21441,"mobile-development"
23124724,"Computer programming",48471,"computer-programming"
23124724,"DevOps",87614,"devops"
23124724,"Docker",1454542,"docker"
23124724,"Full Stack Development",1485652,"full-stack-development"
8104382,"Open Source",563,"opensource"
8104382,"System Administration",2109,"sysadmin"
8104382,"Technology",10579,"technology"
8104382,"Configuration Management",46810,"configuration-management"
8104382,"Data Center and Operations Automation",46831,"data-center-and-operations-automation"
8104382,"DevOps",87614,"devops"
8104382,"Infrastructure as Code",126177,"infrastructure-as-code"
8104382,"Puppet",148303,"puppet"
8104382,"Continuous Delivery",166000,"continuous-delivery"
18973631,"Unix",405,"unix"
18973631,"Artificial Intelligence",456,"ai"
18973631,"Oracle",2544,"oracle"
18973631,"Hadoop",18060,"hadoop"
18973631,"Big Data",18062,"big-data"
18973631,"MapReduce",27591,"mapreduce"
18973631,"Machine Learning",29971,"machine-learning"
18973631,"Data Analytics",30928,"data-analytics"
18973631,"Data Mining",55324,"data-mining"
18973631,"NoSQL",58162,"nosql"
18973631,"Clustering",584912,"clustering"
18973631,"Cloudera",1247352,"cloudera"
18973631,"Apache Spark",1471442,"apache-spark"
19451840,"Oracle",2544,"oracle"
19451840,"PostgreSQL",10361,"postgresql"
19451840,"Business Intelligence",10538,"businessintell"
19451840,"Big Data",18062,"big-data"
19451840,"Data Mining",55324,"data-mining"
19451840,"Massively Parallel Processing Databases",152816,"massively-parallel-processing-databases"
19451840,"Data Warehouse",1413652,"data-warehouse"
19451840,"Apache Spark",1471442,"apache-spark"
19451840,"Greenplum",1505163,"greenplum"
13472672,"Linux",188,"linux"
13472672,"Open Source",563,"opensource"
13472672,"Python",1064,"python"
13472672,"System Administration",2109,"sysadmin"
13472672,"Software Development",3833,"softwaredev"
13472672,"Internet Professionals",10102,"internetpro"
13472672,"Cloud Computing",15167,"cloud-computing"
13472672,"Web Development",15582,"web-development"
13472672,"Agile Project Management",21549,"agile-project-management"
13472672,"Continuous Integration",27922,"continuous-integration"
13472672,"Configuration Management",46810,"configuration-management"
13472672,"Data Center and Operations Automation",46831,"data-center-and-operations-automation"
13472672,"DevOps",87614,"devops"
13472672,"Infrastructure as Code",126177,"infrastructure-as-code"
13472672,"Continuous Delivery",166000,"continuous-delivery"
13472672,"Web Operations",230341,"web-operations"
18521540,"Mozilla",187,"mozilla"
18521540,"Open Source",563,"opensource"
18521540,"Web Development",15582,"web-development"
18521540,"Firefox",25473,"firefox"
18521540,"Firefox OS",1454582,"firefox-os"
21849656,"Linux",188,"linux"
21849656,"Open Source",563,"opensource"
21849656,"System Administration",2109,"sysadmin"
21849656,"Data Management",10494,"datamanagement"
21849656,"Cloud Computing",15167,"cloud-computing"
21849656,"Database Development",21506,"database-development"
21849656,"Database Design & Development",28205,"database-design-development"
21849656,"Configuration Management",46810,"configuration-management"
21849656,"DevOps",87614,"devops"
21849656,"Infrastructure as Code",126177,"infrastructure-as-code"
21849656,"Continuous Delivery",166000,"continuous-delivery"
21849656,"Docker",1454542,"docker"
21849656,"Containers",1504752,"containers"
21849656,"DevOps Automation",1508781,"devops-automation"
20052936,"Database Professionals",1245,"databasepro"
20052936,"Software Development",3833,"softwaredev"
20052936,"Data Management",10494,"datamanagement"
20052936,"Big Data",18062,"big-data"
20052936,"Database Development",21506,"database-development"
20052936,"Data Analytics",30928,"data-analytics"
20052936,"SQL",33167,"sql"
20052936,"Data Visualization",37381,"data-visualization"
20052936,"Computer programming",48471,"computer-programming"
20052936,"Data Mining",55324,"data-mining"
20052936,"Data Science",102811,"data-science"
19767246,"Education & Technology",7203,"edtech"
19767246,"New Technology",9696,"newtech"
19767246,"Web Technology",10209,"web"
19767246,"Business Intelligence",10538,"businessintell"
19767246,"Web Development",15582,"web-development"
19767246,"Hadoop",18060,"hadoop"
19767246,"Big Data",18062,"big-data"
19767246,"Machine Learning",29971,"machine-learning"
19767246,"Data Analytics",30928,"data-analytics"
19767246,"Data Mining",55324,"data-mining"
19767246,"Data Science",102811,"data-science"
19767246,"Big Data Analytics",383411,"big-data-analytics"
19767246,"Apache Spark",1471442,"apache-spark"
19767246,"Data Science using Python",1481522,"data-science-using-python"
19767246,"Apache Kafka",1488792,"apache-kafka"
9737172,"Open Source",563,"opensource"
9737172,"Web Design",659,"webdesign"
9737172,"Graphical User Interfaces",1081,"gui"
9737172,"CSS",1973,"css"
9737172,"JavaScript",7029,"javascript"
9737172,"Web Development",15582,"web-development"
9737172,"Mobile Technology",16216,"mobile-technology"
9737172,"Usability",26938,"usability"
9737172,"UX Design",61781,"ux-design"
9737172,"HTML5",78565,"html5"
9737172,"CSS3",78566,"css3"
9737172,"Mobile Web",78586,"mobile-web"
9737172,"User Interface Design",104717,"user-interface-design"
9737172,"Mobile User Experience",122974,"mobile-user-experience"
20687438,"Professional Development",3880,"prodev"
20687438,"New Technology",9696,"newtech"
20687438,"Business Intelligence",10538,"businessintell"
20687438,"Big Data",18062,"big-data"
20687438,"Microsoft Dynamics CRM",21865,"microsoft-dynamics-crm"
20687438,"PaaS (Platform as a Service)",31197,"paas"
20687438,"Business Process Management",49337,"business-process-management"
20687438,"Microsoft Technologies",55995,"microsoft-technologies"
20687438,"SharePoint",62223,"sharepoint"
20687438,"Microsoft Azure",63265,"microsoft-azure"
20687438,"Workflow Design",66615,"workflow-design"
20687438,"Internet of Things",79740,"internet-of-things"
20687438,"Marketing Automation",87729,"marketing-automation"
20687438,"BPM",264501,"bpm"
20687438,"Office 365",483322,"office-365"
7291862,"Web Standards",417,"webstandards"
7291862,"Open Source",563,"opensource"
7291862,"Web Design",659,"webdesign"
7291862,"Software Development",3833,"softwaredev"
7291862,"JavaScript",7029,"javascript"
7291862,"New Technology",9696,"newtech"
7291862,"Internet Professionals",10102,"internetpro"
7291862,"Web Technology",10209,"web"
7291862,"Web Development",15582,"web-development"
7291862,"Computer programming",48471,"computer-programming"
7291862,"JavaScript Frameworks",85951,"javascript-frameworks"
7291862,"Meteor",921432,"meteor"
7291862,"Open Source Frameworks",999172,"open-source-frameworks"
19662808,"Hadoop",18060,"hadoop"
19662808,"Big Data",18062,"big-data"
19662808,"Data Analytics",30928,"data-analytics"
19662808,"Data Visualization",37381,"data-visualization"
19662808,"NoSQL",58162,"nosql"
19662808,"Master Data Management",133002,"master-data-management"
19662808,"Data Quality",173332,"data-quality"
19662808,"Data Governance",173333,"data-governance"
19662808,"Data Architecture",358011,"data-architecture"
19662808,"Data Integration",1189312,"data-integration"
19662808,"Stream Processing",1438362,"stream-processing"
19662808,"Data Strategy",1440562,"data-strategy"
19662808,"Apache Spark",1471442,"apache-spark"
19662808,"Apache Kafka",1488792,"apache-kafka"
19662808,"Apache Flink",1505717,"apache-flink"
21978073,"Open Source",563,"opensource"
21978073,"Software Development",3833,"softwaredev"
21978073,"Continuous Integration",27922,"continuous-integration"
21978073,"Configuration Management",46810,"configuration-management"
21978073,"Computer programming",48471,"computer-programming"
21978073,"Test Automation",65172,"test-automation"
21978073,"DevOps",87614,"devops"
21978073,"Infrastructure as Code",126177,"infrastructure-as-code"
21978073,"Continuous Delivery",166000,"continuous-delivery"
21978073,"Jenkins",186961,"jenkins"
21978073,"Continuous Deployment",230351,"continuous-deployment"
21978073,"Build Automation",1142662,"build-automation"
20328410,"Java",189,"java"
20328410,"Open Source",563,"opensource"
20328410,"Software Development",3833,"softwaredev"
20328410,"Android Development",20346,"android-developers"
20328410,"Mobile Development",21441,"mobile-development"
20328410,"Computer programming",48471,"computer-programming"
20328410,"Java Virtual Machine",57878,"java-virtual-machine"
18384861,"Open Source",563,"opensource"
18384861,"Software Development",3833,"softwaredev"
18384861,"Google",6490,"google"
18384861,"JavaScript",7029,"javascript"
18384861,"Web Development",15582,"web-development"
18384861,"Application Development",36167,"application-development"
18384861,"Computer programming",48471,"computer-programming"
18384861,"Software Architecture",56473,"software-architecture"
18384861,"HTML5",78565,"html5"
18384861,"Dart Programming",443642,"dart-programming"
18384861,"Dart Language",503632,"dart-language"
18384861,"Google dart",537512,"google-dart"
18384861,"Google Developer Group",989262,"google-developer-group"
15432162,"Scala",17936,"scala"
15432162,"Hadoop",18060,"hadoop"
15432162,"Big Data",18062,"big-data"
15432162,"MapReduce",27591,"mapreduce"
15432162,"Machine Learning",29971,"machine-learning"
15432162,"Data Analytics",30928,"data-analytics"
15432162,"Data Mining",55324,"data-mining"
15432162,"HDFS",61682,"hdfs"
15432162,"Data Science",102811,"data-science"
15432162,"Apache Mahout",353961,"apache-mahout"
15432162,"Apache Spark",1471442,"apache-spark"
16652772,"Open Source",563,"opensource"
16652772,"Web Design",659,"webdesign"
16652772,"CSS",1973,"css"
16652772,"Software Development",3833,"softwaredev"
16652772,"JavaScript",7029,"javascript"
16652772,"Rich Internet Applications",9886,"ria"
16652772,"Web Technology",10209,"web"
16652772,"Web Development",15582,"web-development"
16652772,"Mobile Development",21441,"mobile-development"
16652772,"Computer programming",48471,"computer-programming"
16652772,"JavaScript Libraries",56555,"javascript-libraries"
16652772,"HTML5",78565,"html5"
16652772,"JavaScript Frameworks",85951,"javascript-frameworks"
13650922,"GIS",4346,"gis"
13650922,"Business Intelligence",10538,"businessintell"
13650922,"Mapping",10842,"mapping"
13650922,"Big Data",18062,"big-data"
13650922,"Android Development",20346,"android-developers"
13650922,"Mobile Development",21441,"mobile-development"
13650922,"Data Visualization",37381,"data-visualization"
13650922,"Geolocation",78867,"geolocation"
13650922,"Rest",79219,"rest"
13650922,"APIs",80749,"apis"
13650922,"Google Maps",91459,"google-maps"
13650922,"Spatial Data",117260,"spatial-data"
13650922,"iOS Development",127567,"ios-development"
13650922,"Geospatial technologies",572332,"geospatial-technologies"
13650922,"ArcGIS",767832,"arcgis"
18917458,"Linux",188,"linux"
18917458,"Open Source",563,"opensource"
18917458,"Perl",835,"perl"
18917458,"Programming Languages",17628,"programming-languages"
18917458,"Computer programming",48471,"computer-programming"
18917458,"Linux Server",133353,"linux-server"
18917458,"Perl scripting",164590,"perl-scripting"
20767727,"Artificial Intelligence",456,"ai"
20767727,"Database Professionals",1245,"databasepro"
20767727,"Innovation",1954,"innovation"
20767727,"New Technology",9696,"newtech"
20767727,"Business Intelligence",10538,"businessintell"
20767727,"Hadoop",18060,"hadoop"
20767727,"Big Data",18062,"big-data"
20767727,"Startup Businesses",21681,"startup-businesses"
20767727,"Data Analytics",30928,"data-analytics"
20767727,"Application Development",36167,"application-development"
20767727,"Predictive Analytics",38458,"predictive-analytics"
20767727,"Algorithms",111155,"algorithms"
20767727,"Data Warehousing",393271,"data-warehousing"
20767727,"Data Scientist",1440132,"data-scientist"
6255602,"Open Source",563,"opensource"
6255602,"Software Development",3833,"softwaredev"
6255602,"Extreme Programming",5938,"xp"
6255602,"New Technology",9696,"newtech"
6255602,"Web Development",15582,"web-development"
6255602,"Agile Project Management",21549,"agile-project-management"
6255602,"Test Driven Development",25435,"test-driven-development"
6255602,"Object Oriented Programming",37917,"object-oriented-programming"
6255602,"Computer programming",48471,"computer-programming"
6255602,"Software Craftsmanship",71692,"software-craftsmanship"
19418102,"Business Intelligence Strategy",22620,"business-intelligence-strategy"
19418102,"Business Intelligence Best Practices",22622,"business-intelligence-best-practices"
19418102,"Data Analytics",30928,"data-analytics"
19418102,"Business Intelligence Tools and Technology",148287,"business-intelligence-tools-and-technology"
19418102,"Big Data Analytics",383411,"big-data-analytics"
19418102,"Azure Stream Analytics",1507753,"azure-stream-analytics"
19418102,"Cortana Analytics",1507754,"cortana-analytics"
19418102,"PowerBI",1507755,"powerbi"
22765047,"Innovation",1954,"innovation"
22765047,"Software Development",3833,"softwaredev"
22765047,"New Technology",9696,"newtech"
22765047,"Leadership",15121,"leadership"
22765047,"Professional Networking",15720,"professional-networking"
22765047,"Business Strategy",17635,"business-strategy"
22765047,"Big Data",18062,"big-data"
22765047,"Entrepreneurship",19882,"entrepreneurship"
22765047,"Courses and Workshops",20629,"courses-and-workshops"
22765047,"Social Innovation",21808,"social-innovation"
22765047,"Machine Learning",29971,"machine-learning"
22765047,"Data Analytics",30928,"data-analytics"
19931640,"Open Source",563,"opensource"
19931640,"Digital Art",594,"digitalart"
19931640,"Art",1502,"art"
19931640,"Innovation",1954,"innovation"
19931640,"Software Development",3833,"softwaredev"
19931640,"New Technology",9696,"newtech"
19931640,"Cloud Computing",15167,"cloud-computing"
19931640,"Online Marketing",15585,"online-marketing"
19931640,"Big Data",18062,"big-data"
19931640,"Historic Buildings",20911,"historic-buildings"
19931640,"3D Modeling",21429,"3d-modeling"
19931640,"Startup Businesses",21681,"startup-businesses"
19931640,"3D Artists",24147,"3d-artists"
19931640,"Creativity",36229,"creative"
19931640,"iOS Development",127567,"ios-development"
14041082,"Open Source",563,"opensource"
14041082,"Innovation",1954,"innovation"
14041082,"Coworking",14990,"coworking"
14041082,"Small Business Marketing Strategy",17325,"small-business-marketing-strategy"
14041082,"Social Media Marketing",17742,"social-media-marketing"
14041082,"Business Development",18012,"business-development"
14041082,"Entrepreneurship",19882,"entrepreneurship"
14041082,"Ruby On Rails",20837,"ruby-on-rails"
14041082,"Startup Businesses",21681,"startup-businesses"
14041082,"Social Entrepreneurship",26643,"social-entrepreneurship"
14041082,"Computer programming",48471,"computer-programming"
14041082,"Emprendedores",66402,"emprendedores"
14041082,"HTML5",78565,"html5"
14041082,"PyMes",342031,"pymes"
23393275,"Open Source",563,"opensource"
23393275,"MySQL",789,"mysql"
23393275,"Software Development",3833,"softwaredev"
23393275,"Web Technology",10209,"web"
23393275,"Business Intelligence",10538,"businessintell"
23393275,"Cloud Computing",15167,"cloud-computing"
23393275,"Hadoop",18060,"hadoop"
23393275,"Big Data",18062,"big-data"
23393275,"Virtualization",20479,"virtualization"
23393275,"Data Analytics",30928,"data-analytics"
23393275,"SQL",33167,"sql"
23393275,"Computer programming",48471,"computer-programming"
23393275,"Data Mining",55324,"data-mining"
23393275,"Red Hat Enterprise Virtualization (RHEV)",1202442,"red-hat-enterprise-virtualization-rhev"
23393275,"Oracle Database Administration",1496442,"oracle-database-administration"
3936622,"Open Source",563,"opensource"
3936622,"Software Development",3833,"softwaredev"
3936622,"Griffon",6082,"griffon"
3936622,"New Technology",9696,"newtech"
3936622,"Internet Professionals",10102,"internetpro"
3936622,"Web Technology",10209,"web"
3936622,"Web Development",15582,"web-development"
3936622,"Programming Languages",17628,"programming-languages"
3936622,"Groovy",20126,"groovy"
3936622,"Grails",21520,"grails"
3936622,"Agile Project Management",21549,"agile-project-management"
3936622,"Groovy Programming Language",21683,"groovy-programming-language"
3936622,"Computer programming",48471,"computer-programming"
3936622,"JVM Languages",107750,"jvm-languages"
